AARON,0.002
ABBEY,0.004
ABBIE,0.008
ABBY,0.016
ABIGAIL,0.025
ADA,0.057
ADAH,0.001
ADALINE,0.002
ADAM,0.001
ADDIE,0.026
ADELA,0.014
ADELAIDA,0.004
ADELAIDE,0.008
ADELE,0.025
ADELIA,0.003
ADELINA,0.007
ADELINE,0.018
ADELL,0.005
ADELLA,0.003
ADELLE,0.003
ADENA,0.001
ADINA,0.003
ADRIA,0.003
ADRIAN,0.009
ADRIANA,0.025
ADRIANE,0.004
ADRIANNA,0.004
ADRIANNE,0.007
ADRIEN,0.001
ADRIENE,0.002
ADRIENNE,0.039
AFTON,0.003
AGATHA,0.007
AGNES,0.098
AGNUS,0.001
AGRIPINA,0.001
AGUEDA,0.001
AGUSTINA,0.003
AI,0.001
AIDA,0.023
AIDE,0.001
AIKO,0.001
AILEEN,0.016
AILENE,0.001
AIMEE,0.027
AISHA,0.009
AJA,0.003
AKIKO,0.002
AKILAH,0.001
ALAINA,0.005
ALAINE,0.001
ALANA,0.012
ALANE,0.001
ALANNA,0.004
ALAYNA,0.001
ALBA,0.009
ALBERT,0.001
ALBERTA,0.052
ALBERTHA,0.003
ALBERTINA,0.002
ALBERTINE,0.003
ALBINA,0.004
ALDA,0.004
ALEASE,0.001
ALECIA,0.007
ALEEN,0.001
ALEIDA,0.002
ALEISHA,0.001
ALEJANDRA,0.012
ALEJANDRINA,0.002
ALENA,0.003
ALENE,0.007
ALESHA,0.004
ALESHIA,0.001
ALESIA,0.004
ALESSANDRA,0.001
ALETA,0.004
ALETHA,0.006
ALETHEA,0.003
ALETHIA,0.002
ALEX,0.002
ALEXA,0.006
ALEXANDER,0.002
ALEXANDRA,0.039
ALEXANDRIA,0.014
ALEXIA,0.003
ALEXIS,0.03
ALFREDA,0.009
ALFREDIA,0.001
ALI,0.002
ALIA,0.002
ALICA,0.002
ALICE,0.357
ALICIA,0.146
ALIDA,0.003
ALINA,0.006
ALINE,0.011
ALISA,0.02
ALISE,0.002
ALISHA,0.027
ALISHIA,0.002
ALISIA,0.002
ALISON,0.05
ALISSA,0.011
ALITA,0.001
ALIX,0.002
ALIZA,0.002
ALLA,0.002
ALLEEN,0.001
ALLEGRA,0.002
ALLEN,0.002
ALLENA,0.001
ALLENE,0.008
ALLIE,0.013
ALLINE,0.002
ALLISON,0.092
ALLYN,0.001
ALLYSON,0.013
ALMA,0.111
ALMEDA,0.003
ALMETA,0.002
ALONA,0.001
ALPHA,0.005
ALTA,0.019
ALTAGRACIA,0.004
ALTHA,0.002
ALTHEA,0.012
ALVA,0.006
ALVERA,0.002
ALVERTA,0.001
ALVINA,0.006
ALYCE,0.01
ALYCIA,0.003
ALYSA,0.001
ALYSE,0.002
ALYSHA,0.002
ALYSIA,0.003
ALYSON,0.009
ALYSSA,0.031
AMADA,0.003
AMAL,0.001
AMALIA,0.01
AMANDA,0.404
AMBER,0.16
AMBERLY,0.001
AMEE,0.001
AMELIA,0.052
AMERICA,0.003
AMI,0.004
AMIE,0.013
AMIEE,0.001
AMINA,0.002
AMIRA,0.001
AMMIE,0.002
AMPARO,0.009
AMY,0.451
AN,0.001
ANA,0.12
ANABEL,0.004
ANALISA,0.001
ANAMARIA,0.001
ANASTACIA,0.003
ANASTASIA,0.01
ANDERA,0.001
ANDRA,0.005
ANDRE,0.002
ANDREA,0.236
ANDREE,0.002
ANDREW,0.002
ANDRIA,0.005
ANETTE,0.002
ANGEL,0.035
ANGELA,0.468
ANGELE,0.002
ANGELENA,0.002
ANGELES,0.002
ANGELIA,0.017
ANGELIC,0.002
ANGELICA,0.039
ANGELIKA,0.002
ANGELINA,0.037
ANGELINE,0.017
ANGELIQUE,0.009
ANGELITA,0.009
ANGELLA,0.003
ANGELO,0.002
ANGELYN,0.001
ANGIE,0.054
ANGILA,0.001
ANGLA,0.001
ANGLE,0.002
ANGLEA,0.003
ANH,0.004
ANIKA,0.003
ANISA,0.001
ANISHA,0.001
ANISSA,0.005
ANITA,0.162
ANITRA,0.003
ANJA,0.001
ANJANETTE,0.002
ANJELICA,0.001
ANN,0.364
ANNA,0.44
ANNABEL,0.003
ANNABELL,0.002
ANNABELLE,0.012
ANNALEE,0.002
ANNALISA,0.002
ANNAMAE,0.002
ANNAMARIA,0.001
ANNAMARIE,0.005
ANNE,0.228
ANNELIESE,0.003
ANNELLE,0.001
ANNEMARIE,0.006
ANNETT,0.002
ANNETTA,0.006
ANNETTE,0.125
ANNICE,0.002
ANNIE,0.216
ANNIKA,0.001
ANNIS,0.002
ANNITA,0.001
ANNMARIE,0.009
ANTHONY,0.003
ANTIONETTE,0.008
ANTOINETTE,0.048
ANTONETTA,0.001
ANTONETTE,0.005
ANTONIA,0.035
ANTONIETTA,0.002
ANTONINA,0.003
ANTONIO,0.002
ANYA,0.002
APOLONIA,0.001
APRIL,0.154
APRYL,0.002
ARA,0.001
ARACELI,0.01
ARACELIS,0.002
ARACELY,0.004
ARCELIA,0.003
ARDATH,0.001
ARDELIA,0.001
ARDELL,0.002
ARDELLA,0.002
ARDELLE,0.001
ARDIS,0.004
ARDITH,0.004
ARETHA,0.006
ARGELIA,0.001
ARGENTINA,0.001
ARIANA,0.005
ARIANE,0.002
ARIANNA,0.002
ARIANNE,0.001
ARICA,0.001
ARIE,0.002
ARIEL,0.007
ARIELLE,0.003
ARLA,0.002
ARLEAN,0.001
ARLEEN,0.007
ARLENA,0.002
ARLENE,0.094
ARLETHA,0.001
ARLETTA,0.002
ARLETTE,0.003
ARLINDA,0.001
ARLINE,0.01
ARLYNE,0.001
ARMANDA,0.002
ARMANDINA,0.001
ARMIDA,0.004
ARMINDA,0.002
ARNETTA,0.002
ARNETTE,0.001
ARNITA,0.002
ARTHUR,0.002
ARTIE,0.004
ARVILLA,0.002
ASHA,0.003
ASHANTI,0.001
ASHELY,0.003
ASHLEA,0.001
ASHLEE,0.013
ASHLEIGH,0.008
ASHLEY,0.303
ASHLI,0.002
ASHLIE,0.003
ASHLY,0.003
ASHLYN,0.002
ASHTON,0.004
ASIA,0.005
ASLEY,0.001
ASSUNTA,0.002
ASTRID,0.004
ASUNCION,0.002
ATHENA,0.007
AUBREY,0.007
AUDIE,0.002
AUDRA,0.015
AUDREA,0.002
AUDREY,0.127
AUDRIA,0.001
AUDRIE,0.001
AUDRY,0.003
AUGUSTA,0.01
AUGUSTINA,0.002
AUGUSTINE,0.003
AUNDREA,0.002
AURA,0.005
AUREA,0.003
AURELIA,0.01
AURORA,0.024
AURORE,0.001
AUSTIN,0.001
AUTUMN,0.017
AVA,0.014
AVELINA,0.002
AVERY,0.001
AVIS,0.013
AVRIL,0.001
AWILDA,0.003
AYAKO,0.001
AYANA,0.002
AYANNA,0.002
AYESHA,0.003
AZALEE,0.001
AZUCENA,0.002
AZZIE,0.001
BABARA,0.002
BABETTE,0.002
BAILEY,0.003
BAMBI,0.004
BAO,0.001
BARABARA,0.001
BARB,0.006
BARBAR,0.002
BARBARA,0.98
BARBERA,0.002
BARBIE,0.003
BARBRA,0.015
BARI,0.001
BARRIE,0.001
BASILIA,0.001
BEA,0.003
BEATA,0.001
BEATRICE,0.13
BEATRIS,0.001
BEATRIZ,0.018
BEAULAH,0.001
BEBE,0.001
BECKI,0.001
BECKIE,0.002
BECKY,0.066
BEE,0.001
BELEN,0.005
BELIA,0.002
BELINDA,0.059
BELKIS,0.001
BELL,0.001
BELLA,0.006
BELLE,0.007
BELVA,0.006
BENITA,0.013
BENNIE,0.007
BERENICE,0.003
BERNA,0.001
BERNADETTE,0.039
BERNADINE,0.014
BERNARDA,0.001
BERNARDINA,0.001
BERNARDINE,0.001
BERNEICE,0.002
BERNETTA,0.002
BERNICE,0.128
BERNIE,0.002
BERNIECE,0.006
BERNITA,0.004
BERRY,0.001
BERTA,0.01
BERTHA,0.143
BERTIE,0.009
BERYL,0.009
BESS,0.007
BESSIE,0.096
BETH,0.11
BETHANIE,0.001
BETHANN,0.002
BETHANY,0.039
BETHEL,0.002
BETSEY,0.002
BETSY,0.034
BETTE,0.019
BETTIE,0.023
BETTINA,0.006
BETTY,0.666
BETTYANN,0.001
BETTYE,0.015
BEULA,0.001
BEULAH,0.048
BEV,0.002
BEVERLEE,0.002
BEVERLEY,0.008
BEVERLY,0.267
BIANCA,0.015
BIBI,0.001
BILLI,0.001
BILLIE,0.069
BILLY,0.004
BILLYE,0.002
BIRDIE,0.007
BIRGIT,0.002
BLAIR,0.005
BLAKE,0.001
BLANCA,0.041
BLANCH,0.004
BLANCHE,0.055
BLONDELL,0.001
BLOSSOM,0.001
BLYTHE,0.002
BOBBI,0.016
BOBBIE,0.065
BOBBY,0.008
BOBBYE,0.003
BOBETTE,0.001
BOK,0.001
BONG,0.001
BONITA,0.026
BONNIE,0.223
BONNY,0.004
BRANDA,0.002
BRANDE,0.001
BRANDEE,0.003
BRANDI,0.055
BRANDIE,0.008
BRANDON,0.002
BRANDY,0.07
BREANA,0.001
BREANN,0.001
BREANNA,0.006
BREANNE,0.003
BREE,0.003
BRENDA,0.455
BRENNA,0.005
BRETT,0.001
BRIAN,0.001
BRIANA,0.01
BRIANNA,0.014
BRIANNE,0.007
BRIDGET,0.045
BRIDGETT,0.009
BRIDGETTE,0.015
BRIGETTE,0.004
BRIGID,0.002
BRIGIDA,0.002
BRIGITTE,0.009
BRINDA,0.002
BRITANY,0.002
BRITNEY,0.009
BRITNI,0.002
BRITT,0.003
BRITTA,0.001
BRITTANEY,0.001
BRITTANI,0.004
BRITTANIE,0.001
BRITTANY,0.117
BRITTENY,0.001
BRITTNEY,0.024
BRITTNI,0.002
BRITTNY,0.001
BRONWYN,0.002
BROOK,0.004
BROOKE,0.039
BRUNA,0.001
BRUNILDA,0.002
BRYANNA,0.001
BRYNN,0.002
BUENA,0.001
BUFFY,0.003
BULA,0.001
BULAH,0.001
BUNNY,0.001
BURMA,0.001
CAITLIN,0.023
CAITLYN,0.004
CALANDRA,0.001
CALISTA,0.001
CALLIE,0.016
CAMELIA,0.002
CAMELLIA,0.001
CAMERON,0.003
CAMI,0.003
CAMIE,0.001
CAMILA,0.001
CAMILLA,0.008
CAMILLE,0.028
CAMMIE,0.002
CAMMY,0.001
CANDACE,0.051
CANDANCE,0.003
CANDELARIA,0.004
CANDI,0.005
CANDICE,0.046
CANDIDA,0.006
CANDIE,0.002
CANDIS,0.003
CANDRA,0.001
CANDY,0.022
CANDYCE,0.002
CAPRICE,0.002
CARA,0.025
CAREN,0.007
CAREY,0.009
CARI,0.007
CARIDAD,0.006
CARIE,0.002
CARIN,0.003
CARINA,0.004
CARISA,0.002
CARISSA,0.009
CARITA,0.001
CARL,0.002
CARLA,0.107
CARLEE,0.001
CARLEEN,0.004
CARLENA,0.001
CARLENE,0.012
CARLETTA,0.002
CARLEY,0.002
CARLI,0.001
CARLIE,0.002
CARLINE,0.002
CARLITA,0.001
CARLOS,0.001
CARLOTA,0.003
CARLOTTA,0.004
CARLY,0.01
CARLYN,0.003
CARMA,0.003
CARMAN,0.004
CARMEL,0.006
CARMELA,0.018
CARMELIA,0.001
CARMELINA,0.002
CARMELITA,0.006
CARMELLA,0.012
CARMEN,0.195
CARMINA,0.001
CARMON,0.002
CAROL,0.565
CAROLA,0.001
CAROLANN,0.003
CAROLE,0.071
CAROLEE,0.004
CAROLIN,0.001
CAROLINA,0.021
CAROLINE,0.085
CAROLL,0.001
CAROLYN,0.385
CAROLYNE,0.002
CAROLYNN,0.003
CARON,0.003
CAROYLN,0.001
CARRI,0.003
CARRIE,0.171
CARROL,0.005
CARROLL,0.006
CARRY,0.001
CARY,0.004
CARYL,0.004
CARYLON,0.001
CARYN,0.008
CASANDRA,0.009
CASEY,0.029
CASIE,0.002
CASIMIRA,0.001
CASSANDRA,0.072
CASSAUNDRA,0.001
CASSEY,0.001
CASSI,0.001
CASSIDY,0.003
CASSIE,0.023
CASSONDRA,0.001
CASSY,0.001
CATALINA,0.014
CATARINA,0.002
CATERINA,0.002
CATHARINE,0.006
CATHERIN,0.001
CATHERINA,0.001
CATHERINE,0.373
CATHERN,0.001
CATHERYN,0.001
CATHEY,0.002
CATHI,0.003
CATHIE,0.004
CATHLEEN,0.017
CATHRINE,0.006
CATHRYN,0.009
CATHY,0.137
CATINA,0.004
CATRICE,0.001
CATRINA,0.007
CAYLA,0.001
CECELIA,0.032
CECIL,0.005
CECILA,0.002
CECILE,0.019
CECILIA,0.055
CECILLE,0.001
CECILY,0.003
CELENA,0.002
CELESTA,0.001
CELESTE,0.025
CELESTINA,0.002
CELESTINE,0.007
CELIA,0.044
CELINA,0.008
CELINDA,0.001
CELINE,0.002
CELSA,0.001
CEOLA,0.001
CHAE,0.001
CHAN,0.001
CHANA,0.003
CHANDA,0.004
CHANDRA,0.014
CHANEL,0.005
CHANELL,0.001
CHANELLE,0.001
CHANG,0.001
CHANTAL,0.005
CHANTAY,0.001
CHANTE,0.002
CHANTEL,0.007
CHANTELL,0.002
CHANTELLE,0.003
CHARA,0.001
CHARIS,0.001
CHARISE,0.002
CHARISSA,0.003
CHARISSE,0.004
CHARITA,0.001
CHARITY,0.018
CHARLA,0.006
CHARLEEN,0.005
CHARLENA,0.001
CHARLENE,0.097
CHARLES,0.006
CHARLESETTA,0.001
CHARLETTE,0.003
CHARLIE,0.006
CHARLINE,0.005
CHARLOTT,0.001
CHARLOTTE,0.169
CHARLSIE,0.001
CHARLYN,0.001
CHARMAIN,0.001
CHARMAINE,0.011
CHAROLETTE,0.003
CHASIDY,0.001
CHASITY,0.01
CHASSIDY,0.001
CHASTITY,0.005
CHAU,0.002
CHAYA,0.002
CHELSEA,0.038
CHELSEY,0.008
CHELSIE,0.004
CHER,0.001
CHERE,0.001
CHEREE,0.001
CHERELLE,0.001
CHERI,0.025
CHERIE,0.022
CHERILYN,0.001
CHERISE,0.003
CHERISH,0.002
CHERLY,0.004
CHERLYN,0.001
CHERRI,0.003
CHERRIE,0.003
CHERRY,0.009
CHERRYL,0.002
CHERY,0.001
CHERYL,0.315
CHERYLE,0.004
CHERYLL,0.002
CHEYENNE,0.003
CHI,0.002
CHIA,0.001
CHIEKO,0.001
CHIN,0.002
CHINA,0.001
CHING,0.001
CHIQUITA,0.005
CHLOE,0.007
CHONG,0.007
CHRIS,0.024
CHRISSY,0.004
CHRISTA,0.023
CHRISTAL,0.006
CHRISTEEN,0.002
CHRISTEL,0.003
CHRISTEN,0.007
CHRISTENA,0.002
CHRISTENE,0.003
CHRISTI,0.017
CHRISTIA,0.001
CHRISTIAN,0.01
CHRISTIANA,0.003
CHRISTIANE,0.003
CHRISTIE,0.034
CHRISTIN,0.007
CHRISTINA,0.275
CHRISTINE,0.382
CHRISTINIA,0.001
CHRISTOPHER,0.003
CHRISTY,0.077
CHRYSTAL,0.011
CHU,0.001
CHUN,0.003
CHUNG,0.002
CIARA,0.003
CICELY,0.002
CIERA,0.002
CIERRA,0.003
CINDA,0.003
CINDERELLA,0.001
CINDI,0.007
CINDIE,0.001
CINDY,0.192
CINTHIA,0.004
CIRA,0.001
CLAIR,0.003
CLAIRE,0.061
CLARA,0.153
CLARE,0.012
CLARENCE,0.001
CLARETHA,0.001
CLARETTA,0.001
CLARIBEL,0.003
CLARICE,0.018
CLARINDA,0.001
CLARINE,0.002
CLARIS,0.001
CLARISA,0.001
CLARISSA,0.014
CLARITA,0.002
CLASSIE,0.001
CLAUDE,0.001
CLAUDETTE,0.017
CLAUDIA,0.09
CLAUDIE,0.001
CLAUDINE,0.011
CLELIA,0.001
CLEMENCIA,0.001
CLEMENTINA,0.002
CLEMENTINE,0.005
CLEMMIE,0.002
CLEO,0.021
CLEOPATRA,0.002
CLEORA,0.002
CLEOTILDE,0.001
CLETA,0.003
CLORA,0.001
CLORINDA,0.001
CLOTILDE,0.002
CLYDE,0.003
CODI,0.001
CODY,0.002
COLBY,0.001
COLEEN,0.009
COLENE,0.001
COLETTA,0.002
COLETTE,0.011
COLLEEN,0.092
COLLEN,0.002
COLLENE,0.001
COLLETTE,0.005
CONCEPCION,0.014
CONCEPTION,0.001
CONCETTA,0.009
CONCHA,0.001
CONCHITA,0.002
CONNIE,0.2
CONSTANCE,0.091
CONSUELA,0.002
CONSUELO,0.022
CONTESSA,0.001
CORA,0.058
CORAL,0.004
CORALEE,0.001
CORALIE,0.001
CORAZON,0.003
CORDELIA,0.005
CORDIA,0.001
CORDIE,0.002
COREEN,0.002
CORENE,0.003
CORETTA,0.002
COREY,0.005
CORI,0.006
CORIE,0.002
CORINA,0.01
CORINE,0.011
CORINNA,0.004
CORINNE,0.024
CORLISS,0.002
CORNELIA,0.015
CORRIE,0.005
CORRIN,0.001
CORRINA,0.003
CORRINE,0.014
CORRINNE,0.001
CORTNEY,0.008
CORY,0.004
COURTNEY,0.086
CREOLA,0.001
CRIS,0.001
CRISELDA,0.002
CRISSY,0.002
CRISTA,0.002
CRISTAL,0.005
CRISTEN,0.002
CRISTI,0.003
CRISTIE,0.002
CRISTIN,0.003
CRISTINA,0.033
CRISTINE,0.004
CRISTY,0.006
CRUZ,0.006
CRYSTA,0.001
CRYSTAL,0.207
CRYSTLE,0.001
CUC,0.001
CURTIS,0.001
CYNDI,0.003
CYNDY,0.001
CYNTHIA,0.469
CYRSTAL,0.001
CYTHIA,0.003
DACIA,0.001
DAGMAR,0.002
DAGNY,0.001
DAHLIA,0.002
DAINA,0.001
DAINE,0.001
DAISEY,0.002
DAISY,0.062
DAKOTA,0.001
DALE,0.016
DALENE,0.001
DALIA,0.006
DALILA,0.002
DALLAS,0.002
DAMARIS,0.006
DAN,0.001
DANA,0.122
DANAE,0.002
DANELLE,0.005
DANETTE,0.007
DANI,0.003
DANIA,0.002
DANICA,0.003
DANIEL,0.005
DANIELA,0.007
DANIELE,0.003
DANIELL,0.001
DANIELLA,0.004
DANIELLE,0.149
DANIKA,0.002
DANILLE,0.001
DANITA,0.005
DANN,0.001
DANNA,0.007
DANNETTE,0.002
DANNIE,0.001
DANNIELLE,0.003
DANUTA,0.002
DANYEL,0.001
DANYELL,0.001
DANYELLE,0.003
DAPHINE,0.002
DAPHNE,0.019
DARA,0.007
DARBY,0.002
DARCEL,0.001
DARCEY,0.001
DARCI,0.004
DARCIE,0.003
DARCY,0.012
DARIA,0.004
DARLA,0.029
DARLEEN,0.005
DARLENA,0.001
DARLENE,0.142
DARLINE,0.003
DARNELL,0.002
DARYL,0.002
DAVID,0.006
DAVIDA,0.003
DAVINA,0.003
DAWN,0.202
DAWNA,0.004
DAWNE,0.002
DAYLE,0.002
DAYNA,0.008
DAYSI,0.001
DEADRA,0.001
DEAN,0.003
DEANA,0.016
DEANDRA,0.002
DEANDREA,0.001
DEANE,0.002
DEANN,0.008
DEANNA,0.076
DEANNE,0.011
DEB,0.003
DEBBI,0.002
DEBBIE,0.157
DEBBRA,0.003
DEBBY,0.007
DEBERA,0.001
DEBI,0.005
DEBORA,0.022
DEBORAH,0.494
DEBRA,0.408
DEBRAH,0.005
DEBROAH,0.002
DEDE,0.001
DEDRA,0.003
DEE,0.016
DEEANN,0.002
DEEANNA,0.001
DEEDEE,0.001
DEEDRA,0.001
DEENA,0.01
DEETTA,0.001
DEIDRA,0.008
DEIDRE,0.01
DEIRDRE,0.01
DEJA,0.001
DELAINE,0.001
DELANA,0.002
DELCIE,0.001
DELENA,0.002
DELFINA,0.005
DELIA,0.029
DELICIA,0.002
DELILA,0.001
DELILAH,0.007
DELINDA,0.002
DELISA,0.002
DELL,0.002
DELLA,0.043
DELMA,0.007
DELMY,0.001
DELOIS,0.006
DELOISE,0.001
DELORA,0.003
DELORAS,0.001
DELORES,0.095
DELORIS,0.025
DELORSE,0.001
DELPHA,0.002
DELPHIA,0.003
DELPHINE,0.007
DELSIE,0.001
DELTA,0.002
DEMETRA,0.003
DEMETRIA,0.007
DEMETRICE,0.002
DEMETRIUS,0.001
DENA,0.022
DENAE,0.001
DENEEN,0.003
DENESE,0.002
DENICE,0.008
DENISE,0.264
DENISHA,0.002
DENISSE,0.001
DENITA,0.002
DENNA,0.003
DENNIS,0.002
DENNISE,0.002
DENNY,0.001
DENYSE,0.001
DEON,0.001
DEONNA,0.001
DESIRAE,0.003
DESIRE,0.002
DESIREE,0.035
DESPINA,0.001
DESSIE,0.008
DESTINY,0.007
DETRA,0.002
DEVIN,0.004
DEVON,0.007
DEVONA,0.002
DEVORA,0.002
DEVORAH,0.002
DIA,0.001
DIAMOND,0.002
DIAN,0.004
DIANA,0.216
DIANE,0.359
DIANN,0.009
DIANNA,0.036
DIANNE,0.069
DIEDRA,0.002
DIEDRE,0.002
DIERDRE,0.001
DIGNA,0.002
DIMPLE,0.002
DINA,0.022
DINAH,0.007
DINORAH,0.001
DION,0.001
DIONE,0.002
DIONNA,0.002
DIONNE,0.009
DIVINA,0.001
DIXIE,0.028
DODIE,0.001
DOLLIE,0.011
DOLLY,0.016
DOLORES,0.129
DOLORIS,0.002
DOMENICA,0.003
DOMINGA,0.006
DOMINICA,0.001
DOMINIQUE,0.016
DOMINQUE,0.002
DOMITILA,0.001
DOMONIQUE,0.002
DONA,0.014
DONALD,0.002
DONELLA,0.001
DONETTA,0.002
DONETTE,0.001
DONG,0.001
DONITA,0.004
DONNA,0.583
DONNETTA,0.001
DONNETTE,0.001
DONNIE,0.005
DONYA,0.002
DORA,0.084
DORATHY,0.002
DORCAS,0.005
DOREATHA,0.001
DOREEN,0.035
DORENE,0.005
DORETHA,0.008
DORETHEA,0.001
DORETTA,0.001
DORI,0.004
DORIA,0.001
DORIAN,0.002
DORIE,0.002
DORINDA,0.004
DORINE,0.002
DORIS,0.335
DORLA,0.001
DOROTHA,0.003
DOROTHEA,0.021
DOROTHY,0.727
DORRIS,0.006
DORTHA,0.005
DORTHEA,0.003
DORTHEY,0.001
DORTHY,0.025
DOT,0.002
DOTTIE,0.007
DOTTY,0.001
DOVIE,0.005
DREAMA,0.002
DREMA,0.002
DREW,0.001
DRUCILLA,0.002
DRUSILLA,0.002
DULCE,0.005
DULCIE,0.001
DUNG,0.002
DUSTI,0.001
DUSTY,0.003
DWANA,0.001
DYAN,0.002
EARLEAN,0.002
EARLEEN,0.002
EARLENE,0.012
EARLIE,0.001
EARLINE,0.014
EARNESTINE,0.012
EARTHA,0.003
EASTER,0.005
EBONI,0.003
EBONIE,0.001
EBONY,0.027
ECHO,0.002
EDA,0.003
EDDA,0.002
EDDIE,0.011
EDELMIRA,0.003
EDEN,0.003
EDIE,0.004
EDITH,0.179
EDNA,0.197
EDRA,0.001
EDRIS,0.001
EDWARD,0.002
EDWINA,0.011
EDYTH,0.001
EDYTHE,0.008
EFFIE,0.024
EHTEL,0.001
EILEEN,0.105
EILENE,0.001
ELA,0.001
ELADIA,0.001
ELAINA,0.004
ELAINE,0.173
ELANA,0.003
ELANE,0.001
ELANOR,0.002
ELAYNE,0.002
ELBA,0.008
ELDA,0.008
ELDORA,0.003
ELEANOR,0.15
ELEANORA,0.003
ELEANORE,0.007
ELEASE,0.002
ELENA,0.037
ELENE,0.001
ELENI,0.002
ELENOR,0.004
ELENORA,0.002
ELENORE,0.001
ELEONOR,0.001
ELEONORA,0.001
ELEONORE,0.001
ELFREDA,0.001
ELFRIEDA,0.001
ELFRIEDE,0.003
ELIA,0.007
ELIANA,0.002
ELICIA,0.002
ELIDA,0.007
ELIDIA,0.001
ELIN,0.001
ELINA,0.001
ELINOR,0.012
ELINORE,0.001
ELISA,0.027
ELISABETH,0.023
ELISE,0.019
ELISHA,0.008
ELISSA,0.006
ELIZ,0.001
ELIZA,0.015
ELIZABET,0.001
ELIZABETH,0.937
ELIZBETH,0.002
ELIZEBETH,0.004
ELKE,0.002
ELLA,0.101
ELLAMAE,0.001
ELLAN,0.001
ELLEN,0.173
ELLENA,0.001
ELLI,0.001
ELLIE,0.006
ELLIS,0.001
ELLY,0.002
ELLYN,0.002
ELMA,0.017
ELMER,0.001
ELMIRA,0.003
ELNA,0.003
ELNORA,0.014
ELODIA,0.002
ELOIS,0.002
ELOISA,0.007
ELOISE,0.032
ELOUISE,0.006
ELSA,0.028
ELSE,0.002
ELSIE,0.11
ELSY,0.001
ELVA,0.024
ELVERA,0.003
ELVIA,0.01
ELVIE,0.002
ELVINA,0.002
ELVIRA,0.029
ELWANDA,0.001
ELYSE,0.006
ELZA,0.001
EMA,0.002
EMELDA,0.002
EMELIA,0.003
EMELINA,0.001
EMELINE,0.001
EMELY,0.001
EMERALD,0.001
EMERITA,0.001
EMIKO,0.002
EMILEE,0.002
EMILIA,0.013
EMILIE,0.008
EMILY,0.208
EMMA,0.165
EMMALINE,0.001
EMMIE,0.002
EMMY,0.002
EMOGENE,0.003
ENA,0.004
ENDA,0.001
ENEDINA,0.003
ENEIDA,0.002
ENID,0.009
ENOLA,0.002
ENRIQUETA,0.004
EPIFANIA,0.002
ERA,0.004
ERIC,0.002
ERICA,0.13
ERICKA,0.014
ERIKA,0.061
ERIN,0.141
ERINN,0.002
ERLENE,0.002
ERLINDA,0.006
ERLINE,0.002
ERMA,0.041
ERMELINDA,0.002
ERMINIA,0.002
ERNA,0.009
ERNESTINA,0.007
ERNESTINE,0.038
ERYN,0.001
ESMERALDA,0.013
ESPERANZA,0.021
ESSIE,0.029
ESTA,0.002
ESTEFANA,0.001
ESTELA,0.014
ESTELL,0.002
ESTELLA,0.024
ESTELLE,0.036
ESTER,0.019
ESTHER,0.166
ESTRELLA,0.003
ETHA,0.001
ETHEL,0.174
ETHELENE,0.002
ETHELYN,0.003
ETHYL,0.002
ETSUKO,0.001
ETTA,0.024
ETTIE,0.001
EUFEMIA,0.001
EUGENA,0.001
EUGENE,0.002
EUGENIA,0.023
EUGENIE,0.003
EULA,0.033
EULAH,0.001
EULALIA,0.005
EUN,0.003
EUNA,0.001
EUNICE,0.054
EURA,0.001
EUSEBIA,0.001
EUSTOLIA,0.001
EVA,0.159
EVALYN,0.003
EVAN,0.002
EVANGELINA,0.009
EVANGELINE,0.011
EVE,0.013
EVELIA,0.003
EVELIN,0.002
EVELINA,0.002
EVELINE,0.002
EVELYN,0.322
EVELYNE,0.002
EVELYNN,0.001
EVETTE,0.006
EVIA,0.001
EVIE,0.004
EVITA,0.001
EVON,0.003
EVONNE,0.004
EWA,0.001
EXIE,0.002
FABIOLA,0.005
FAE,0.002
FAIRY,0.001
FAITH,0.028
FALLON,0.003
FANNIE,0.05
FANNY,0.009
FARAH,0.002
FARRAH,0.004
FATIMA,0.007
FATIMAH,0.001
FAUSTINA,0.002
FAVIOLA,0.001
FAWN,0.004
FAY,0.021
FAYE,0.058
FE,0.002
FELECIA,0.008
FELICA,0.003
FELICE,0.003
FELICIA,0.068
FELICIDAD,0.001
FELICITA,0.006
FELICITAS,0.004
FELIPA,0.004
FELISA,0.003
FELISHA,0.004
FERMINA,0.001
FERN,0.024
FERNANDA,0.002
FERNANDE,0.001
FERNE,0.003
FIDELA,0.001
FIDELIA,0.001
FILOMENA,0.006
FIONA,0.003
FLAVIA,0.002
FLETA,0.001
FLO,0.002
FLOR,0.006
FLORA,0.049
FLORANCE,0.002
FLORENCE,0.2
FLORENCIA,0.002
FLORENE,0.003
FLORENTINA,0.002
FLORETTA,0.002
FLORIA,0.001
FLORIDA,0.004
FLORINDA,0.002
FLORINE,0.009
FLORRIE,0.001
FLOSSIE,0.014
FLOY,0.005
FONDA,0.003
FRAN,0.011
FRANCE,0.002
FRANCENE,0.001
FRANCES,0.37
FRANCESCA,0.009
FRANCHESCA,0.001
FRANCIE,0.002
FRANCINA,0.002
FRANCINE,0.025
FRANCIS,0.039
FRANCISCA,0.024
FRANCISCO,0.002
FRANCOISE,0.002
FRANK,0.002
FRANKIE,0.022
FRANSISCA,0.001
FRED,0.001
FREDA,0.034
FREDDA,0.001
FREDDIE,0.007
FREDERICA,0.002
FREDERICKA,0.002
FREDIA,0.002
FREDRICKA,0.001
FREEDA,0.002
FREIDA,0.009
FRIDA,0.001
FRIEDA,0.017
FUMIKO,0.002
GABRIEL,0.003
GABRIELA,0.018
GABRIELE,0.002
GABRIELLA,0.005
GABRIELLE,0.017
GAIL,0.145
GALA,0.001
GALE,0.016
GALINA,0.001
GARNET,0.004
GARNETT,0.002
GARY,0.002
GAY,0.012
GAYE,0.005
GAYLA,0.008
GAYLE,0.043
GAYLENE,0.002
GAYNELL,0.003
GAYNELLE,0.001
GEARLDINE,0.002
GEMA,0.001
GEMMA,0.003
GENA,0.01
GENE,0.005
GENESIS,0.001
GENEVA,0.059
GENEVIE,0.001
GENEVIEVE,0.051
GENEVIVE,0.001
GENIA,0.002
GENIE,0.002
GENNA,0.001
GENNIE,0.002
GENNY,0.001
GENOVEVA,0.005
GEORGANN,0.001
GEORGE,0.005
GEORGEANN,0.001
GEORGEANNA,0.001
GEORGENE,0.002
GEORGETTA,0.003
GEORGETTE,0.011
GEORGIA,0.091
GEORGIANA,0.005
GEORGIANN,0.001
GEORGIANNA,0.005
GEORGIANNE,0.001
GEORGIE,0.004
GEORGINA,0.015
GEORGINE,0.002
GERALD,0.001
GERALDINE,0.141
GERALYN,0.003
GERDA,0.004
GERI,0.008
GERMAINE,0.008
GERRI,0.005
GERRY,0.005
GERTHA,0.002
GERTIE,0.005
GERTRUD,0.002
GERTRUDE,0.103
GERTRUDIS,0.001
GERTUDE,0.001
GHISLAINE,0.001
GIA,0.002
GIANNA,0.001
GIDGET,0.001
GIGI,0.002
GILBERTE,0.001
GILDA,0.009
GILLIAN,0.006
GILMA,0.001
GINA,0.099
GINETTE,0.001
GINGER,0.034
GINNY,0.005
GIOVANNA,0.003
GISELA,0.006
GISELE,0.003
GISELLE,0.004
GITA,0.001
GIUSEPPINA,0.001
GLADIS,0.003
GLADY,0.002
GLADYS,0.205
GLAYDS,0.001
GLENDA,0.088
GLENDORA,0.002
GLENN,0.001
GLENNA,0.018
GLENNIE,0.002
GLENNIS,0.002
GLINDA,0.002
GLORIA,0.335
GLORY,0.003
GLYNDA,0.002
GLYNIS,0.001
GOLDA,0.003
GOLDEN,0.001
GOLDIE,0.023
GRACE,0.189
GRACIA,0.002
GRACIE,0.018
GRACIELA,0.019
GRAYCE,0.001
GRAZYNA,0.001
GREGORIA,0.005
GREGORY,0.001
GRETA,0.014
GRETCHEN,0.032
GRETTA,0.003
GRICELDA,0.001
GRISEL,0.001
GRISELDA,0.007
GUADALUPE,0.059
GUDRUN,0.002
GUILLERMINA,0.007
GUSSIE,0.008
GWEN,0.031
GWENDA,0.002
GWENDOLYN,0.074
GWENN,0.002
GWYN,0.002
GWYNETH,0.001
HA,0.002
HAE,0.002
HAILEY,0.004
HALEY,0.014
HALINA,0.002
HALLEY,0.001
HALLIE,0.009
HAN,0.001
HANA,0.002
HANG,0.001
HANH,0.002
HANNA,0.007
HANNAH,0.045
HANNELORE,0.002
HARMONY,0.002
HAROLD,0.001
HARRIET,0.056
HARRIETT,0.013
HARRIETTE,0.006
HASSIE,0.001
HATTIE,0.056
HAYDEE,0.006
HAYLEY,0.005
HAZEL,0.161
HEATHER,0.337
HEDWIG,0.003
HEDY,0.002
HEE,0.002
HEIDE,0.002
HEIDI,0.088
HEIDY,0.001
HEIKE,0.001
HELAINE,0.001
HELEN,0.663
HELENA,0.021
HELENE,0.024
HELGA,0.009
HELLEN,0.005
HENRIETTA,0.031
HENRIETTE,0.002
HENRY,0.002
HERLINDA,0.005
HERMA,0.001
HERMELINDA,0.004
HERMILA,0.001
HERMINA,0.002
HERMINE,0.002
HERMINIA,0.008
HERTA,0.001
HERTHA,0.001
HESTER,0.009
HETTIE,0.003
HIEDI,0.001
HIEN,0.001
HILARIA,0.002
HILARY,0.014
HILDA,0.075
HILDE,0.002
HILDEGARD,0.005
HILDEGARDE,0.002
HILDRED,0.002
HILLARY,0.013
HILMA,0.002
HIROKO,0.002
HISAKO,0.001
HOA,0.003
HOLLEY,0.002
HOLLI,0.004
HOLLIE,0.009
HOLLIS,0.002
HOLLY,0.117
HONEY,0.002
HONG,0.004
HOPE,0.034
HORTENCIA,0.007
HORTENSE,0.004
HORTENSIA,0.003
HSIU,0.001
HUE,0.001
HUI,0.003
HULDA,0.003
HUONG,0.003
HWA,0.001
HYACINTH,0.002
HYE,0.002
HYO,0.001
HYON,0.002
HYUN,0.002
IDA,0.118
IDALIA,0.003
IDELL,0.002
IDELLA,0.005
IESHA,0.002
IGNACIA,0.002
ILA,0.014
ILANA,0.002
ILDA,0.002
ILEANA,0.004
ILEEN,0.001
ILENE,0.011
ILIANA,0.003
ILLA,0.001
ILONA,0.003
ILSE,0.004
ILUMINADA,0.002
IMA,0.005
IMELDA,0.01
IMOGENE,0.019
IN,0.003
INA,0.023
INDIA,0.006
INDIRA,0.002
INELL,0.002
INES,0.009
INEZ,0.053
INGA,0.003
INGE,0.004
INGEBORG,0.003
INGER,0.002
INGRID,0.023
INOCENCIA,0.002
IOLA,0.007
IONA,0.007
IONE,0.006
IRA,0.004
IRAIDA,0.001
IRENA,0.003
IRENE,0.252
IRINA,0.002
IRIS,0.055
IRISH,0.002
IRMA,0.079
IRMGARD,0.002
ISA,0.002
ISABEL,0.057
ISABELL,0.006
ISABELLA,0.008
ISABELLE,0.019
ISADORA,0.001
ISAURA,0.002
ISELA,0.003
ISIDRA,0.002
ISIS,0.002
ISOBEL,0.001
IVA,0.023
IVANA,0.002
IVELISSE,0.001
IVETTE,0.007
IVEY,0.001
IVONNE,0.005
IVORY,0.005
IVY,0.016
IZETTA,0.001
IZOLA,0.001
JA,0.001
JACALYN,0.003
JACELYN,0.001
JACINDA,0.001
JACINTA,0.003
JACK,0.001
JACKELINE,0.003
JACKELYN,0.001
JACKI,0.002
JACKIE,0.09
JACKLYN,0.009
JACKQUELINE,0.001
JACLYN,0.018
JACQUALINE,0.002
JACQUE,0.005
JACQUELIN,0.005
JACQUELINE,0.228
JACQUELYN,0.041
JACQUELYNE,0.002
JACQUELYNN,0.002
JACQUETTA,0.001
JACQUI,0.001
JACQUIE,0.001
JACQUILINE,0.002
JACQULINE,0.007
JACQULYN,0.002
JADA,0.004
JADE,0.008
JADWIGA,0.002
JAE,0.002
JAIME,0.027
JAIMEE,0.001
JAIMIE,0.004
JALEESA,0.002
JALISA,0.001
JAMA,0.001
JAME,0.001
JAMEE,0.001
JAMES,0.01
JAMEY,0.002
JAMI,0.014
JAMIE,0.153
JAMIKA,0.001
JAMILA,0.004
JAMMIE,0.003
JAN,0.051
JANA,0.031
JANAE,0.003
JANAY,0.002
JANE,0.25
JANEAN,0.001
JANEE,0.001
JANEEN,0.004
JANEL,0.007
JANELL,0.009
JANELLA,0.001
JANELLE,0.024
JANENE,0.003
JANESSA,0.002
JANET,0.379
JANETH,0.002
JANETT,0.002
JANETTA,0.002
JANETTE,0.022
JANEY,0.003
JANI,0.001
JANICE,0.285
JANIE,0.051
JANIECE,0.001
JANINA,0.004
JANINE,0.02
JANIS,0.034
JANISE,0.001
JANITA,0.002
JANN,0.002
JANNA,0.01
JANNET,0.001
JANNETTE,0.005
JANNIE,0.009
JANUARY,0.001
JANYCE,0.001
JAQUELINE,0.007
JAQUELYN,0.001
JASMIN,0.008
JASMINE,0.038
JASON,0.002
JAUNITA,0.003
JAY,0.003
JAYE,0.001
JAYME,0.006
JAYMIE,0.001
JAYNA,0.001
JAYNE,0.018
JAZMIN,0.003
JAZMINE,0.002
JEAN,0.315
JEANA,0.005
JEANE,0.004
JEANELLE,0.001
JEANENE,0.002
JEANETT,0.001
JEANETTA,0.004
JEANETTE,0.115
JEANICE,0.001
JEANIE,0.013
JEANINE,0.017
JEANMARIE,0.001
JEANNA,0.007
JEANNE,0.109
JEANNETTA,0.001
JEANNETTE,0.046
JEANNIE,0.028
JEANNINE,0.016
JEFFIE,0.001
JEFFREY,0.001
JEN,0.002
JENA,0.007
JENAE,0.001
JENE,0.001
JENEE,0.001
JENELL,0.002
JENELLE,0.004
JENETTE,0.002
JENEVA,0.001
JENI,0.002
JENICE,0.002
JENIFER,0.023
JENIFFER,0.004
JENINE,0.002
JENISE,0.002
JENNA,0.03
JENNEFER,0.002
JENNELL,0.001
JENNETTE,0.004
JENNI,0.004
JENNIE,0.073
JENNIFER,0.932
JENNIFFER,0.003
JENNINE,0.001
JENNY,0.068
JERALDINE,0.003
JEREMY,0.001
JERI,0.015
JERICA,0.001
JERILYN,0.003
JERLENE,0.001
JERRI,0.012
JERRICA,0.001
JERRIE,0.004
JERRY,0.011
JESENIA,0.002
JESICA,0.005
JESSE,0.008
JESSENIA,0.002
JESSI,0.002
JESSIA,0.001
JESSICA,0.49
JESSIE,0.098
JESSIKA,0.001
JESTINE,0.001
JESUS,0.002
JESUSA,0.002
JESUSITA,0.001
JETTA,0.001
JETTIE,0.003
JEWEL,0.025
JEWELL,0.021
JI,0.001
JILL,0.142
JILLIAN,0.021
JIMMIE,0.017
JIMMY,0.002
JIN,0.002
JINA,0.002
JINNY,0.001
JO,0.083
JOAN,0.306
JOANA,0.003
JOANE,0.001
JOANIE,0.004
JOANN,0.136
JOANNA,0.055
JOANNE,0.15
JOANNIE,0.001
JOAQUINA,0.001
JOCELYN,0.019
JODEE,0.002
JODI,0.051
JODIE,0.017
JODY,0.038
JOE,0.005
JOEANN,0.002
JOEL,0.002
JOELLA,0.002
JOELLE,0.005
JOELLEN,0.004
JOETTA,0.003
JOETTE,0.001
JOEY,0.003
JOHANA,0.002
JOHANNA,0.028
JOHANNE,0.001
JOHN,0.012
JOHNA,0.001
JOHNETTA,0.003
JOHNETTE,0.001
JOHNIE,0.003
JOHNNA,0.005
JOHNNIE,0.039
JOHNNY,0.003
JOHNSIE,0.001
JOI,0.003
JOIE,0.001
JOLANDA,0.002
JOLEEN,0.004
JOLENE,0.019
JOLIE,0.002
JOLINE,0.001
JOLYN,0.001
JOLYNN,0.003
JON,0.001
JONA,0.002
JONE,0.001
JONELL,0.002
JONELLE,0.002
JONG,0.001
JONI,0.019
JONIE,0.001
JONNA,0.003
JONNIE,0.004
JORDAN,0.012
JOSE,0.003
JOSEFA,0.01
JOSEFINA,0.028
JOSEFINE,0.001
JOSELYN,0.002
JOSEPH,0.005
JOSEPHINA,0.004
JOSEPHINE,0.177
JOSETTE,0.005
JOSHUA,0.001
JOSIE,0.024
JOSLYN,0.002
JOSPHINE,0.001
JOVAN,0.001
JOVITA,0.005
JOY,0.091
JOYA,0.001
JOYCE,0.364
JOYCELYN,0.004
JOYE,0.002
JUAN,0.003
JUANA,0.046
JUANITA,0.164
JUDE,0.001
JUDI,0.008
JUDIE,0.003
JUDITH,0.297
JUDY,0.276
JULE,0.001
JULEE,0.002
JULENE,0.001
JULI,0.005
JULIA,0.223
JULIAN,0.002
JULIANA,0.011
JULIANE,0.002
JULIANN,0.003
JULIANNA,0.005
JULIANNE,0.012
JULIE,0.348
JULIEANN,0.001
JULIENNE,0.002
JULIET,0.009
JULIETA,0.003
JULIETTA,0.001
JULIETTE,0.01
JULIO,0.001
JULISSA,0.003
JUNE,0.125
JUNG,0.006
JUNIE,0.001
JUNITA,0.002
JUNKO,0.001
JUSTA,0.001
JUSTIN,0.002
JUSTINA,0.008
JUSTINE,0.017
JUTTA,0.002
KA,0.001
KACEY,0.003
KACI,0.003
KACIE,0.003
KACY,0.002
KAI,0.001
KAILA,0.001
KAITLIN,0.009
KAITLYN,0.008
KALA,0.004
KALEIGH,0.001
KALEY,0.002
KALI,0.002
KALLIE,0.001
KALYN,0.001
KAM,0.002
KAMALA,0.001
KAMI,0.004
KAMILAH,0.001
KANDACE,0.003
KANDI,0.003
KANDICE,0.003
KANDIS,0.001
KANDRA,0.001
KANDY,0.003
KANESHA,0.001
KANISHA,0.001
KARA,0.041
KARAN,0.003
KAREEN,0.001
KAREN,0.667
KARENA,0.001
KAREY,0.002
KARI,0.036
KARIE,0.003
KARIMA,0.001
KARIN,0.024
KARINA,0.013
KARINE,0.002
KARISA,0.001
KARISSA,0.004
KARL,0.002
KARLA,0.044
KARLEEN,0.002
KARLENE,0.003
KARLY,0.001
KARLYN,0.001
KARMA,0.002
KARMEN,0.002
KAROL,0.005
KAROLE,0.001
KAROLINE,0.001
KAROLYN,0.004
KARON,0.005
KARREN,0.002
KARRI,0.003
KARRIE,0.007
KARRY,0.001
KARY,0.001
KARYL,0.002
KARYN,0.009
KASANDRA,0.003
KASEY,0.011
KASHA,0.001
KASI,0.001
KASIE,0.002
KASSANDRA,0.004
KASSIE,0.002
KATE,0.029
KATELIN,0.001
KATELYN,0.01
KATELYNN,0.001
KATERINE,0.001
KATHALEEN,0.002
KATHARINA,0.002
KATHARINE,0.017
KATHARYN,0.001
KATHE,0.002
KATHELEEN,0.001
KATHERIN,0.002
KATHERINA,0.001
KATHERINE,0.313
KATHERN,0.002
KATHERYN,0.009
KATHEY,0.002
KATHI,0.008
KATHIE,0.011
KATHLEEN,0.424
KATHLENE,0.003
KATHLINE,0.001
KATHLYN,0.003
KATHRIN,0.001
KATHRINE,0.011
KATHRYN,0.234
KATHRYNE,0.003
KATHY,0.272
KATHYRN,0.003
KATI,0.002
KATIA,0.002
KATIE,0.113
KATINA,0.009
KATLYN,0.002
KATRICE,0.002
KATRINA,0.061
KATTIE,0.002
KATY,0.012
KAY,0.071
KAYCE,0.001
KAYCEE,0.001
KAYE,0.011
KAYLA,0.051
KAYLEE,0.003
KAYLEEN,0.002
KAYLEIGH,0.002
KAYLENE,0.002
KAZUKO,0.002
KECIA,0.003
KEELEY,0.001
KEELY,0.004
KEENA,0.002
KEESHA,0.002
KEIKO,0.003
KEILA,0.001
KEIRA,0.001
KEISHA,0.019
KEITH,0.001
KEITHA,0.001
KELI,0.003
KELLE,0.002
KELLEE,0.002
KELLEY,0.031
KELLI,0.046
KELLIE,0.029
KELLY,0.283
KELLYE,0.002
KELSEY,0.024
KELSI,0.001
KELSIE,0.003
KEMBERLY,0.001
KENA,0.002
KENDA,0.001
KENDAL,0.001
KENDALL,0.004
KENDRA,0.038
KENIA,0.001
KENISHA,0.002
KENNA,0.003
KENNETH,0.002
KENYA,0.011
KENYATTA,0.003
KENYETTA,0.002
KERA,0.001
KEREN,0.001
KERI,0.018
KERRI,0.024
KERRIE,0.006
KERRY,0.031
KERSTIN,0.001
KESHA,0.005
KESHIA,0.005
KETURAH,0.001
KEVA,0.001
KEVIN,0.002
KHADIJAH,0.001
KHALILAH,0.001
KIA,0.005
KIANA,0.002
KIARA,0.003
KIERA,0.002
KIERSTEN,0.001
KIESHA,0.002
KILEY,0.002
KIM,0.178
KIMBER,0.002
KIMBERELY,0.003
KIMBERLEE,0.008
KIMBERLEY,0.021
KIMBERLI,0.002
KIMBERLIE,0.002
KIMBERLY,0.504
KIMBERY,0.002
KIMBRA,0.001
KIMI,0.001
KIMIKO,0.002
KINA,0.001
KINDRA,0.002
KIRA,0.006
KIRBY,0.002
KIRSTEN,0.018
KIRSTIE,0.001
KIRSTIN,0.003
KISHA,0.006
KIT,0.001
KITTIE,0.001
KITTY,0.008
KIYOKO,0.001
KIZZIE,0.001
KIZZY,0.003
KLARA,0.001
KORI,0.004
KORTNEY,0.001
KOURTNEY,0.002
KRIS,0.011
KRISHNA,0.001
KRISSY,0.001
KRISTA,0.04
KRISTAL,0.006
KRISTAN,0.003
KRISTEEN,0.001
KRISTEL,0.002
KRISTEN,0.111
KRISTI,0.055
KRISTIAN,0.003
KRISTIE,0.027
KRISTIN,0.099
KRISTINA,0.065
KRISTINE,0.051
KRISTLE,0.001
KRISTY,0.048
KRISTYN,0.003
KRYSTA,0.002
KRYSTAL,0.037
KRYSTEN,0.001
KRYSTIN,0.001
KRYSTINA,0.001
KRYSTLE,0.007
KRYSTYNA,0.003
KUM,0.003
KYLA,0.005
KYLE,0.004
KYLEE,0.003
KYLIE,0.006
KYM,0.002
KYMBERLY,0.002
KYOKO,0.001
KYONG,0.004
KYRA,0.004
KYUNG,0.004
LACEY,0.018
LACHELLE,0.001
LACI,0.003
LACIE,0.004
LACRESHA,0.001
LACY,0.009
LADAWN,0.001
LADONNA,0.016
LADY,0.002
LAEL,0.001
LAHOMA,0.001
LAI,0.003
LAILA,0.002
LAINE,0.001
LAJUANA,0.001
LAKEESHA,0.001
LAKEISHA,0.01
LAKENDRA,0.001
LAKENYA,0.001
LAKESHA,0.008
LAKESHIA,0.004
LAKIA,0.001
LAKIESHA,0.001
LAKISHA,0.011
LAKITA,0.001
LALA,0.001
LAMONICA,0.001
LAN,0.005
LANA,0.029
LANE,0.002
LANELL,0.002
LANELLE,0.001
LANETTE,0.003
LANG,0.001
LANI,0.003
LANIE,0.001
LANITA,0.003
LANNIE,0.001
LANORA,0.001
LAQUANDA,0.001
LAQUITA,0.005
LARA,0.016
LARAE,0.002
LARAINE,0.002
LAREE,0.001
LARHONDA,0.002
LARISA,0.002
LARISSA,0.006
LARITA,0.001
LARONDA,0.002
LARRAINE,0.001
LARRY,0.001
LARUE,0.003
LASANDRA,0.002
LASHANDA,0.004
LASHANDRA,0.001
LASHAUN,0.001
LASHAUNDA,0.001
LASHAWN,0.007
LASHAWNA,0.001
LASHAWNDA,0.001
LASHAY,0.001
LASHELL,0.001
LASHON,0.001
LASHONDA,0.008
LASHUNDA,0.002
LASONYA,0.001
LATANYA,0.008
LATARSHA,0.001
LATASHA,0.026
LATASHIA,0.002
LATESHA,0.002
LATIA,0.002
LATICIA,0.002
LATINA,0.001
LATISHA,0.015
LATONIA,0.005
LATONYA,0.022
LATORIA,0.002
LATOSHA,0.004
LATOYA,0.043
LATOYIA,0.001
LATRICE,0.007
LATRICIA,0.005
LATRINA,0.002
LATRISHA,0.001
LAUNA,0.002
LAURA,0.51
LAURALEE,0.001
LAURAN,0.001
LAURE,0.002
LAUREEN,0.004
LAUREL,0.024
LAUREN,0.137
LAURENA,0.001
LAURENCE,0.001
LAURENE,0.003
LAURETTA,0.006
LAURETTE,0.004
LAURI,0.009
LAURICE,0.002
LAURIE,0.114
LAURINDA,0.001
LAURINE,0.002
LAURYN,0.001
LAVADA,0.003
LAVELLE,0.001
LAVENIA,0.001
LAVERA,0.002
LAVERN,0.005
LAVERNA,0.002
LAVERNE,0.03
LAVETA,0.001
LAVETTE,0.001
LAVINA,0.004
LAVINIA,0.003
LAVON,0.004
LAVONA,0.001
LAVONDA,0.003
LAVONE,0.001
LAVONIA,0.002
LAVONNA,0.001
LAVONNE,0.011
LAWANA,0.002
LAWANDA,0.011
LAWANNA,0.002
LAWRENCE,0.001
LAYLA,0.002
LAYNE,0.001
LE,0.002
LEA,0.017
LEAH,0.072
LEAN,0.001
LEANA,0.002
LEANDRA,0.003
LEANN,0.015
LEANNA,0.009
LEANNE,0.016
LEANORA,0.001
LEATHA,0.003
LEATRICE,0.004
LECIA,0.001
LEDA,0.003
LEE,0.051
LEEANN,0.008
LEEANNA,0.002
LEEANNE,0.002
LEENA,0.001
LEESA,0.003
LEIA,0.001
LEIDA,0.001
LEIGH,0.032
LEIGHA,0.001
LEIGHANN,0.002
LEILA,0.015
LEILANI,0.005
LEISA,0.004
LEISHA,0.001
LEKISHA,0.001
LELA,0.028
LELAH,0.001
LELIA,0.009
LENA,0.077
LENITA,0.001
LENNA,0.002
LENNIE,0.003
LENORA,0.024
LENORE,0.014
LEO,0.001
LEOLA,0.019
LEOMA,0.001
LEON,0.001
LEONA,0.069
LEONARDA,0.002
LEONE,0.005
LEONIA,0.001
LEONIDA,0.001
LEONIE,0.002
LEONILA,0.002
LEONOR,0.01
LEONORA,0.005
LEONORE,0.002
LEONTINE,0.001
LEORA,0.007
LEOTA,0.006
LERA,0.002
LESA,0.008
LESHA,0.001
LESIA,0.002
LESLEE,0.003
LESLEY,0.019
LESLI,0.003
LESLIE,0.154
LESSIE,0.01
LESTER,0.001
LETA,0.008
LETHA,0.014
LETICIA,0.04
LETISHA,0.001
LETITIA,0.008
LETTIE,0.006
LETTY,0.002
LEWIS,0.001
LEXIE,0.002
LEZLIE,0.002
LI,0.003
LIA,0.005
LIANA,0.003
LIANE,0.003
LIANNE,0.001
LIBBIE,0.001
LIBBY,0.008
LIBERTY,0.002
LIBRADA,0.002
LIDA,0.004
LIDIA,0.014
LIEN,0.002
LIESELOTTE,0.001
LIGIA,0.002
LILA,0.029
LILI,0.002
LILIA,0.012
LILIAN,0.011
LILIANA,0.01
LILLA,0.002
LILLI,0.001
LILLIA,0.001
LILLIAM,0.001
LILLIAN,0.211
LILLIANA,0.001
LILLIE,0.09
LILLY,0.014
LILY,0.017
LIN,0.003
LINA,0.011
LINDA,1.035
LINDSAY,0.06
LINDSEY,0.06
LINDSY,0.001
LINDY,0.005
LINETTE,0.003
LING,0.002
LINH,0.003
LINN,0.001
LINNEA,0.004
LINNIE,0.004
LINSEY,0.003
LISA,0.704
LISABETH,0.001
LISANDRA,0.001
LISBETH,0.002
LISE,0.004
LISETTE,0.004
LISHA,0.002
LISSA,0.003
LISSETTE,0.004
LITA,0.003
LIVIA,0.002
LIZ,0.009
LIZA,0.012
LIZABETH,0.004
LIZBETH,0.004
LIZETH,0.001
LIZETTE,0.005
LIZZETTE,0.001
LIZZIE,0.018
LOAN,0.002
LOGAN,0.001
LOIDA,0.002
LOIS,0.22
LOISE,0.001
LOLA,0.048
LOLITA,0.009
LOMA,0.002
LONA,0.007
LONDA,0.001
LONI,0.002
LONNA,0.002
LONNIE,0.005
LORA,0.036
LORAINE,0.013
LORALEE,0.001
LORE,0.002
LOREAN,0.001
LOREE,0.002
LOREEN,0.003
LORELEI,0.003
LOREN,0.005
LORENA,0.029
LORENE,0.028
LORENZA,0.004
LORETA,0.001
LORETTA,0.115
LORETTE,0.001
LORI,0.248
LORIA,0.001
LORIANN,0.002
LORIE,0.016
LORILEE,0.001
LORINA,0.001
LORINDA,0.003
LORINE,0.005
LORIS,0.001
LORITA,0.001
LORNA,0.022
LORRAINE,0.135
LORRETTA,0.003
LORRI,0.006
LORRIANE,0.001
LORRIE,0.012
LORRINE,0.001
LORY,0.002
LOTTIE,0.024
LOU,0.02
LOUANN,0.005
LOUANNE,0.002
LOUELLA,0.008
LOUETTA,0.001
LOUIE,0.002
LOUIS,0.005
LOUISA,0.012
LOUISE,0.229
LOURA,0.001
LOURDES,0.024
LOURIE,0.001
LOUVENIA,0.002
LOVE,0.001
LOVELLA,0.002
LOVETTA,0.001
LOVIE,0.004
LOYCE,0.002
LU,0.003
LUANA,0.003
LUANN,0.011
LUANNA,0.001
LUANNE,0.005
LUBA,0.001
LUCI,0.001
LUCIA,0.028
LUCIANA,0.003
LUCIE,0.004
LUCIENNE,0.003
LUCILA,0.005
LUCILE,0.016
LUCILLA,0.001
LUCILLE,0.153
LUCINA,0.002
LUCINDA,0.025
LUCRECIA,0.002
LUCRETIA,0.007
LUCY,0.103
LUDIE,0.002
LUDIVINA,0.001
LUE,0.003
LUELLA,0.017
LUETTA,0.001
LUIS,0.002
LUISA,0.016
LUISE,0.002
LULA,0.048
LULU,0.004
LUNA,0.002
LUPE,0.02
LUPITA,0.003
LURA,0.006
LURLENE,0.001
LURLINE,0.002
LUVENIA,0.002
LUZ,0.049
LYDA,0.003
LYDIA,0.086
LYLA,0.003
LYN,0.006
LYNDA,0.053
LYNDIA,0.001
LYNDSAY,0.003
LYNDSEY,0.004
LYNELL,0.002
LYNELLE,0.002
LYNETTA,0.001
LYNETTE,0.033
LYNN,0.135
LYNNA,0.001
LYNNE,0.043
LYNNETTE,0.01
LYNSEY,0.002
MA,0.008
MABEL,0.078
MABELLE,0.001
MABLE,0.038
MACHELLE,0.003
MACIE,0.002
MACKENZIE,0.004
MACY,0.002
MADALENE,0.001
MADALINE,0.002
MADALYN,0.002
MADDIE,0.001
MADELAINE,0.001
MADELEINE,0.009
MADELENE,0.001
MADELINE,0.052
MADELYN,0.01
MADGE,0.011
MADIE,0.002
MADISON,0.003
MADLYN,0.002
MADONNA,0.006
MAE,0.063
MAEGAN,0.003
MAFALDA,0.001
MAGALI,0.001
MAGALY,0.002
MAGAN,0.002
MAGARET,0.002
MAGDA,0.005
MAGDALEN,0.002
MAGDALENA,0.015
MAGDALENE,0.004
MAGEN,0.002
MAGGIE,0.051
MAGNOLIA,0.004
MAHALIA,0.001
MAI,0.009
MAIA,0.002
MAIDA,0.002
MAILE,0.001
MAIRA,0.003
MAIRE,0.001
MAISHA,0.001
MAISIE,0.001
MAJORIE,0.005
MAKEDA,0.001
MALENA,0.001
MALIA,0.003
MALIKA,0.002
MALINDA,0.013
MALISA,0.002
MALISSA,0.007
MALKA,0.001
MALLIE,0.001
MALLORY,0.012
MALORIE,0.001
MALVINA,0.001
MAMIE,0.048
MAMMIE,0.002
MAN,0.001
MANA,0.002
MANDA,0.002
MANDI,0.006
MANDIE,0.001
MANDY,0.029
MANIE,0.001
MANUELA,0.016
MANY,0.001
MAO,0.001
MAPLE,0.002
MARA,0.009
MARAGARET,0.001
MARAGRET,0.001
MARANDA,0.004
MARCELA,0.006
MARCELENE,0.001
MARCELINA,0.004
MARCELINE,0.002
MARCELL,0.001
MARCELLA,0.037
MARCELLE,0.005
MARCENE,0.001
MARCHELLE,0.001
MARCI,0.01
MARCIA,0.09
MARCIE,0.012
MARCY,0.016
MARDELL,0.001
MAREN,0.002
MARG,0.001
MARGARET,0.768
MARGARETA,0.002
MARGARETE,0.003
MARGARETT,0.002
MARGARETTA,0.002
MARGARETTE,0.004
MARGARITA,0.059
MARGARITE,0.002
MARGART,0.002
MARGE,0.006
MARGENE,0.001
MARGERET,0.002
MARGERT,0.001
MARGERY,0.011
MARGET,0.002
MARGHERITA,0.001
MARGIE,0.072
MARGIT,0.002
MARGO,0.016
MARGORIE,0.002
MARGOT,0.008
MARGRET,0.017
MARGRETT,0.001
MARGUERITA,0.002
MARGUERITE,0.056
MARGURITE,0.002
MARGY,0.001
MARHTA,0.001
MARI,0.011
MARIA,0.828
MARIAH,0.005
MARIAM,0.005
MARIAN,0.086
MARIANA,0.009
MARIANELA,0.001
MARIANN,0.004
MARIANNA,0.007
MARIANNE,0.042
MARIBEL,0.02
MARIBETH,0.003
MARICA,0.001
MARICELA,0.011
MARICRUZ,0.001
MARIE,0.379
MARIEL,0.002
MARIELA,0.003
MARIELLA,0.001
MARIELLE,0.001
MARIETTA,0.01
MARIETTE,0.001
MARIKO,0.001
MARILEE,0.004
MARILOU,0.003
MARILU,0.002
MARILYN,0.241
MARILYNN,0.007
MARIN,0.001
MARINA,0.027
MARINDA,0.001
MARINE,0.001
MARIO,0.002
MARION,0.122
MARIS,0.001
MARISA,0.018
MARISELA,0.007
MARISHA,0.001
MARISOL,0.018
MARISSA,0.024
MARITA,0.004
MARITZA,0.016
MARIVEL,0.001
MARJORIE,0.173
MARJORY,0.006
MARK,0.004
MARKETTA,0.001
MARKITA,0.002
MARLA,0.026
MARLANA,0.002
MARLEEN,0.002
MARLEN,0.002
MARLENA,0.005
MARLENE,0.088
MARLIN,0.001
MARLINE,0.001
MARLO,0.003
MARLYN,0.005
MARLYS,0.005
MARNA,0.002
MARNI,0.002
MARNIE,0.004
MARQUERITE,0.004
MARQUETTA,0.002
MARQUITA,0.009
MARQUITTA,0.001
MARRY,0.003
MARSHA,0.078
MARSHALL,0.001
MARTA,0.028
MARTH,0.001
MARTHA,0.412
MARTI,0.004
MARTIN,0.002
MARTINA,0.016
MARTINE,0.003
MARTY,0.004
MARVA,0.01
MARVEL,0.004
MARVELLA,0.001
MARVIS,0.001
MARX,0.001
MARY,2.629
MARYA,0.002
MARYALICE,0.002
MARYAM,0.002
MARYANN,0.05
MARYANNA,0.001
MARYANNE,0.011
MARYBELLE,0.001
MARYBETH,0.007
MARYELLEN,0.009
MARYETTA,0.001
MARYJANE,0.007
MARYJO,0.003
MARYLAND,0.001
MARYLEE,0.003
MARYLIN,0.004
MARYLN,0.001
MARYLOU,0.013
MARYLOUISE,0.001
MARYLYN,0.003
MARYLYNN,0.001
MARYROSE,0.001
MASAKO,0.002
MATHA,0.001
MATHILDA,0.003
MATHILDE,0.002
MATILDA,0.015
MATILDE,0.006
MATTHEW,0.002
MATTIE,0.081
MAUD,0.005
MAUDE,0.023
MAUDIE,0.007
MAURA,0.009
MAUREEN,0.092
MAURICE,0.002
MAURINE,0.007
MAURITA,0.001
MAVIS,0.016
MAXIE,0.004
MAXIMA,0.001
MAXIMINA,0.001
MAXINE,0.079
MAY,0.029
MAYA,0.006
MAYBELL,0.002
MAYBELLE,0.004
MAYE,0.002
MAYME,0.006
MAYOLA,0.001
MAYRA,0.018
MAZIE,0.003
MCKENZIE,0.002
MEAGAN,0.015
MEAGHAN,0.004
MECHELLE,0.003
MEDA,0.001
MEE,0.003
MEG,0.003
MEGAN,0.147
MEGGAN,0.002
MEGHAN,0.032
MEGHANN,0.002
MEI,0.005
MELAINE,0.002
MELANI,0.001
MELANIA,0.001
MELANIE,0.116
MELANY,0.002
MELBA,0.027
MELDA,0.001
MELIA,0.001
MELIDA,0.001
MELINA,0.004
MELINDA,0.094
MELISA,0.013
MELISSA,0.462
MELISSIA,0.002
MELITA,0.001
MELLIE,0.002
MELLISA,0.008
MELLISSA,0.006
MELODEE,0.001
MELODI,0.001
MELODIE,0.006
MELODY,0.05
MELONIE,0.003
MELONY,0.004
MELVA,0.011
MELVIN,0.001
MELVINA,0.005
MELYNDA,0.002
MENDY,0.001
MERCEDES,0.033
MERCEDEZ,0.001
MERCY,0.003
MEREDITH,0.033
MERI,0.002
MERIDETH,0.001
MERIDITH,0.002
MERILYN,0.002
MERISSA,0.001
MERLE,0.011
MERLENE,0.002
MERLYN,0.001
MERNA,0.002
MERRI,0.002
MERRIE,0.001
MERRILEE,0.001
MERRILL,0.001
MERRY,0.007
MERTIE,0.001
MERYL,0.003
META,0.004
MI,0.005
MIA,0.014
MICA,0.001
MICAELA,0.005
MICAH,0.002
MICHA,0.001
MICHAEL,0.012
MICHAELA,0.008
MICHAELE,0.001
MICHAL,0.002
MICHEAL,0.002
MICHEL,0.002
MICHELE,0.145
MICHELINA,0.001
MICHELINE,0.002
MICHELL,0.008
MICHELLE,0.519
MICHIKO,0.002
MICKEY,0.004
MICKI,0.002
MICKIE,0.003
MIESHA,0.001
MIGDALIA,0.007
MIGNON,0.001
MIGUELINA,0.002
MIKA,0.002
MIKAELA,0.001
MIKE,0.001
MIKI,0.001
MIKKI,0.002
MILA,0.002
MILAGRO,0.002
MILAGROS,0.013
MILDA,0.001
MILDRED,0.313
MILISSA,0.003
MILLICENT,0.009
MILLIE,0.017
MILLY,0.001
MIMI,0.005
MIN,0.002
MINA,0.008
MINDA,0.001
MINDI,0.003
MINDY,0.029
MINERVA,0.014
MING,0.001
MINH,0.002
MINNA,0.002
MINNIE,0.089
MINTA,0.001
MIRA,0.003
MIRANDA,0.028
MIREILLE,0.002
MIRELLA,0.001
MIREYA,0.004
MIRIAM,0.066
MIRIAN,0.004
MIRNA,0.006
MIRTA,0.003
MIRTHA,0.002
MISHA,0.001
MISS,0.001
MISSY,0.006
MISTI,0.005
MISTIE,0.001
MISTY,0.063
MITCHELL,0.001
MITSUE,0.001
MITSUKO,0.001
MITTIE,0.004
MITZI,0.011
MITZIE,0.001
MIYOKO,0.001
MODESTA,0.003
MOIRA,0.003
MOLLIE,0.02
MOLLY,0.055
MONA,0.035
MONET,0.001
MONICA,0.166
MONIKA,0.008
MONIQUE,0.051
MONNIE,0.001
MONSERRATE,0.002
MOON,0.001
MORA,0.001
MORGAN,0.022
MORIAH,0.001
MOZELL,0.003
MOZELLA,0.002
MOZELLE,0.005
MUI,0.002
MUOI,0.001
MURIEL,0.038
MY,0.003
MYESHA,0.001
MYONG,0.003
MYRA,0.04
MYRIAM,0.004
MYRL,0.001
MYRLE,0.002
MYRNA,0.026
MYRTA,0.001
MYRTICE,0.003
MYRTIE,0.002
MYRTIS,0.005
MYRTLE,0.078
MYUNG,0.002
NA,0.001
NADA,0.003
NADENE,0.001
NADIA,0.011
NADINE,0.036
NAIDA,0.001
NAKESHA,0.001
NAKIA,0.005
NAKISHA,0.003
NAKITA,0.002
NAM,0.001
NAN,0.008
NANA,0.002
NANCEE,0.001
NANCEY,0.001
NANCI,0.004
NANCIE,0.002
NANCY,0.669
NANETTE,0.011
NANNETTE,0.004
NANNIE,0.013
NAOMA,0.002
NAOMI,0.071
NARCISA,0.002
NATACHA,0.001
NATALIA,0.01
NATALIE,0.098
NATALYA,0.001
NATASHA,0.057
NATASHIA,0.001
NATHALIE,0.005
NATISHA,0.001
NATIVIDAD,0.004
NATOSHA,0.002
NECOLE,0.001
NEDA,0.001
NEDRA,0.005
NEELY,0.001
NEIDA,0.001
NELDA,0.014
NELIA,0.002
NELIDA,0.003
NELL,0.021
NELLA,0.003
NELLE,0.003
NELLIE,0.089
NELLY,0.008
NENA,0.004
NENITA,0.001
NEOMA,0.002
NEOMI,0.001
NEREIDA,0.005
NERISSA,0.002
NERY,0.001
NETA,0.002
NETTIE,0.027
NEVA,0.013
NEVADA,0.001
NGA,0.002
NGAN,0.001
NGOC,0.002
NGUYET,0.001
NIA,0.003
NICHELLE,0.003
NICHOL,0.003
NICHOLE,0.038
NICHOLLE,0.001
NICKI,0.005
NICKIE,0.002
NICKOLE,0.002
NICKY,0.002
NICOL,0.002
NICOLA,0.004
NICOLASA,0.003
NICOLE,0.281
NICOLETTE,0.003
NICOLLE,0.002
NIDA,0.001
NIDIA,0.003
NIESHA,0.001
NIEVES,0.002
NIKI,0.005
NIKIA,0.002
NIKITA,0.005
NIKKI,0.024
NIKOLE,0.002
NILA,0.004
NILDA,0.007
NILSA,0.003
NINA,0.072
NINFA,0.003
NISHA,0.001
NITA,0.012
NOBUKO,0.001
NOEL,0.006
NOELIA,0.003
NOELLA,0.002
NOELLE,0.008
NOEMI,0.012
NOHEMI,0.001
NOLA,0.014
NOMA,0.002
NONA,0.011
NORA,0.073
NORAH,0.002
NOREEN,0.013
NORENE,0.003
NORIKO,0.001
NORINE,0.003
NORMA,0.218
NORMAN,0.002
NOVA,0.004
NOVELLA,0.004
NU,0.001
NUBIA,0.001
NUMBERS,0.003
NYDIA,0.004
NYLA,0.002
OBDULIA,0.002
OCIE,0.003
OCTAVIA,0.008
ODA,0.001
ODELIA,0.001
ODELL,0.003
ODESSA,0.013
ODETTE,0.003
ODILIA,0.002
OFELIA,0.015
OK,0.004
OLA,0.02
OLENE,0.001
OLETA,0.005
OLEVIA,0.001
OLGA,0.07
OLIMPIA,0.001
OLINDA,0.001
OLIVA,0.003
OLIVE,0.03
OLIVIA,0.049
OLLIE,0.027
OLYMPIA,0.002
OMA,0.007
OMEGA,0.002
ONA,0.005
ONEIDA,0.002
ONIE,0.001
ONITA,0.001
OPAL,0.05
OPHELIA,0.011
ORA,0.027
ORALEE,0.001
ORALIA,0.006
ORETHA,0.001
ORPHA,0.004
OSCAR,0.001
OSSIE,0.002
OTELIA,0.001
OTHA,0.001
OTILIA,0.003
OUIDA,0.003
OZELL,0.001
OZELLA,0.002
OZIE,0.001
PA,0.001
PAGE,0.003
PAIGE,0.019
PALMA,0.003
PALMIRA,0.001
PAM,0.046
PAMALA,0.008
PAMELA,0.416
PAMELIA,0.002
PAMELLA,0.002
PAMILA,0.001
PAMULA,0.001
PANDORA,0.002
PANSY,0.008
PAOLA,0.003
PARIS,0.003
PARTHENIA,0.001
PARTICIA,0.002
PASTY,0.001
PAT,0.04
PATIENCE,0.002
PATRIA,0.001
PATRICA,0.021
PATRICE,0.026
PATRICIA,1.073
PATRICK,0.003
PATRINA,0.002
PATSY,0.076
PATTI,0.029
PATTIE,0.007
PATTY,0.043
PAUL,0.003
PAULA,0.217
PAULENE,0.001
PAULETTA,0.002
PAULETTE,0.036
PAULINA,0.006
PAULINE,0.165
PAULITA,0.001
PAZ,0.001
PEARL,0.094
PEARLE,0.002
PEARLENE,0.002
PEARLIE,0.013
PEARLINE,0.006
PEARLY,0.001
PEG,0.001
PEGGIE,0.004
PEGGY,0.208
PEI,0.001
PENELOPE,0.013
PENNEY,0.002
PENNI,0.002
PENNIE,0.004
PENNY,0.071
PERLA,0.005
PERRY,0.002
PETER,0.001
PETRA,0.019
PETRINA,0.002
PETRONILA,0.001
PHEBE,0.001
PHILLIS,0.006
PHILOMENA,0.005
PHOEBE,0.009
PHUNG,0.001
PHUONG,0.004
PHYLICIA,0.001
PHYLIS,0.004
PHYLISS,0.004
PHYLLIS,0.219
PIA,0.002
PIEDAD,0.002
PILAR,0.006
PING,0.001
PINKIE,0.003
PIPER,0.002
POK,0.001
POLLY,0.022
PORSCHE,0.001
PORSHA,0.002
PORTIA,0.007
PRECIOUS,0.005
PRICILLA,0.006
PRINCESS,0.005
PRISCILA,0.001
PRISCILLA,0.071
PROVIDENCIA,0.001
PRUDENCE,0.004
PURA,0.001
QIANA,0.002
QUEEN,0.009
QUEENIE,0.002
QUIANA,0.002
QUINN,0.001
QUYEN,0.001
RACHAEL,0.038
RACHAL,0.001
RACHEAL,0.007
RACHEL,0.242
RACHELE,0.002
RACHELL,0.002
RACHELLE,0.019
RACQUEL,0.003
RAE,0.014
RAEANN,0.002
RAELENE,0.001
RAFAELA,0.006
RAGUEL,0.001
RAINA,0.002
RAISA,0.001
RAMONA,0.062
RAMONITA,0.002
RANA,0.002
RANAE,0.002
RANDA,0.003
RANDEE,0.002
RANDI,0.015
RANDY,0.003
RANEE,0.001
RAQUEL,0.031
RASHEEDA,0.002
RASHIDA,0.003
RAVEN,0.005
RAY,0.005
RAYE,0.002
RAYLENE,0.002
RAYMOND,0.001
RAYMONDE,0.001
RAYNA,0.002
REA,0.001
REAGAN,0.001
REANNA,0.001
REATHA,0.002
REBA,0.024
REBBECA,0.002
REBBECCA,0.002
REBECA,0.007
REBECCA,0.43
REBECKA,0.001
REBEKAH,0.025
REDA,0.002
REENA,0.001
REFUGIA,0.001
REFUGIO,0.002
REGAN,0.003
REGENA,0.002
REGENIA,0.002
REGINA,0.133
REGINE,0.001
REGINIA,0.001
REIKO,0.002
REINA,0.006
REITA,0.001
REMA,0.001
REMEDIOS,0.002
REMONA,0.001
RENA,0.027
RENAE,0.008
RENATA,0.005
RENATE,0.005
RENAY,0.001
RENDA,0.001
RENE,0.016
RENEA,0.003
RENEE,0.12
RENETTA,0.002
RENITA,0.006
RENNA,0.001
RESSIE,0.001
RETA,0.006
RETHA,0.007
RETTA,0.002
REVA,0.01
REYNA,0.009
REYNALDA,0.001
RHEA,0.009
RHEBA,0.001
RHIANNON,0.004
RHODA,0.014
RHONA,0.001
RHONDA,0.162
RIA,0.001
RICARDA,0.001
RICHARD,0.004
RICHELLE,0.005
RICKI,0.001
RICKIE,0.001
RIKKI,0.002
RIMA,0.001
RINA,0.003
RISA,0.002
RITA,0.204
RIVA,0.001
RIVKA,0.001
ROBBI,0.001
ROBBIE,0.017
ROBBIN,0.007
ROBBYN,0.001
ROBENA,0.001
ROBERT,0.008
ROBERTA,0.117
ROBERTO,0.001
ROBIN,0.208
ROBYN,0.039
ROCHEL,0.001
ROCHELL,0.002
ROCHELLE,0.032
ROCIO,0.008
ROLANDA,0.003
ROLANDE,0.001
ROMA,0.005
ROMAINE,0.002
ROMANA,0.003
ROMELIA,0.002
ROMONA,0.005
RONA,0.004
RONALD,0.002
RONDA,0.026
RONI,0.002
RONNA,0.003
RONNI,0.002
RONNIE,0.004
RORY,0.001
ROSA,0.194
ROSALBA,0.005
ROSALEE,0.007
ROSALIA,0.008
ROSALIE,0.039
ROSALINA,0.005
ROSALIND,0.018
ROSALINDA,0.012
ROSALINE,0.003
ROSALVA,0.003
ROSALYN,0.014
ROSAMARIA,0.001
ROSAMOND,0.002
ROSANA,0.002
ROSANN,0.002
ROSANNA,0.009
ROSANNE,0.01
ROSARIA,0.003
ROSARIO,0.02
ROSAURA,0.003
ROSE,0.296
ROSEANN,0.01
ROSEANNA,0.004
ROSEANNE,0.006
ROSELEE,0.001
ROSELIA,0.001
ROSELINE,0.001
ROSELLA,0.01
ROSELLE,0.001
ROSELYN,0.005
ROSEMARIE,0.035
ROSEMARY,0.107
ROSENA,0.001
ROSENDA,0.001
ROSETTA,0.022
ROSETTE,0.001
ROSIA,0.002
ROSIE,0.055
ROSINA,0.004
ROSIO,0.001
ROSITA,0.007
ROSLYN,0.011
ROSSANA,0.001
ROSSIE,0.001
ROSY,0.001
ROWENA,0.009
ROXANA,0.006
ROXANE,0.004
ROXANN,0.005
ROXANNA,0.006
ROXANNE,0.04
ROXIE,0.011
ROXY,0.001
ROY,0.001
ROYCE,0.001
ROZANNE,0.001
ROZELLA,0.002
RUBI,0.001
RUBIE,0.002
RUBY,0.221
RUBYE,0.004
RUDY,0.002
RUFINA,0.003
RUSSELL,0.001
RUTH,0.562
RUTHA,0.001
RUTHANN,0.004
RUTHANNE,0.001
RUTHE,0.001
RUTHIE,0.014
RYAN,0.006
RYANN,0.001
SABINA,0.005
SABINE,0.003
SABRA,0.003
SABRINA,0.057
SACHA,0.001
SACHIKO,0.002
SADE,0.003
SADIE,0.039
SADYE,0.001
SAGE,0.001
SALENA,0.002
SALINA,0.004
SALLEY,0.001
SALLIE,0.024
SALLY,0.135
SALOME,0.002
SAM,0.002
SAMANTHA,0.124
SAMARA,0.002
SAMATHA,0.006
SAMELLA,0.001
SAMIRA,0.002
SAMMIE,0.005
SAMMY,0.001
SAMUEL,0.001
SANA,0.001
SANDA,0.001
SANDEE,0.001
SANDI,0.006
SANDIE,0.001
SANDRA,0.629
SANDY,0.055
SANG,0.002
SANJUANA,0.004
SANJUANITA,0.004
SANORA,0.002
SANTA,0.006
SANTANA,0.002
SANTINA,0.002
SANTOS,0.004
SARA,0.229
SARAH,0.508
SARAI,0.001
SARAN,0.001
SARI,0.002
SARINA,0.002
SARITA,0.003
SASHA,0.01
SATURNINA,0.001
SAU,0.001
SAUNDRA,0.013
SAVANNA,0.002
SAVANNAH,0.01
SCARLET,0.002
SCARLETT,0.004
SCOTT,0.002
SCOTTIE,0.001
SEAN,0.002
SEASON,0.001
SEBRINA,0.002
SEE,0.001
SEEMA,0.001
SELENA,0.012
SELENE,0.002
SELINA,0.008
SELMA,0.016
SENA,0.001
SENAIDA,0.001
SEPTEMBER,0.001
SERAFINA,0.001
SERENA,0.013
SERINA,0.002
SERITA,0.001
SETSUKO,0.001
SHA,0.002
SHAE,0.001
SHAINA,0.004
SHAKIA,0.001
SHAKIRA,0.002
SHAKITA,0.001
SHALA,0.001
SHALANDA,0.001
SHALON,0.001
SHALONDA,0.004
SHAMEKA,0.004
SHAMIKA,0.004
SHAN,0.001
SHANA,0.018
SHANAE,0.001
SHANDA,0.006
SHANDI,0.001
SHANDRA,0.003
SHANE,0.002
SHANEKA,0.002
SHANEL,0.001
SHANELL,0.003
SHANELLE,0.002
SHANI,0.003
SHANICE,0.002
SHANIKA,0.003
SHANIQUA,0.001
SHANITA,0.003
SHANNA,0.021
SHANNAN,0.003
SHANNON,0.175
SHANON,0.005
SHANTA,0.004
SHANTAE,0.001
SHANTAY,0.001
SHANTE,0.004
SHANTEL,0.005
SHANTELL,0.003
SHANTELLE,0.001
SHANTI,0.001
SHAQUANA,0.001
SHAQUITA,0.001
SHARA,0.004
SHARAN,0.001
SHARDA,0.001
SHAREE,0.003
SHARELL,0.001
SHAREN,0.003
SHARI,0.028
SHARICE,0.001
SHARIE,0.001
SHARIKA,0.001
SHARILYN,0.001
SHARITA,0.002
SHARLA,0.004
SHARLEEN,0.002
SHARLENE,0.008
SHARMAINE,0.001
SHAROLYN,0.001
SHARON,0.522
SHARONDA,0.005
SHARRI,0.001
SHARRON,0.014
SHARYL,0.002
SHARYN,0.005
SHASTA,0.003
SHAUN,0.002
SHAUNA,0.017
SHAUNDA,0.001
SHAUNNA,0.002
SHAUNTA,0.001
SHAUNTE,0.001
SHAVON,0.002
SHAVONDA,0.001
SHAVONNE,0.002
SHAWANA,0.002
SHAWANDA,0.003
SHAWANNA,0.001
SHAWN,0.024
SHAWNA,0.027
SHAWNDA,0.002
SHAWNEE,0.002
SHAWNNA,0.002
SHAWNTA,0.001
SHAY,0.003
SHAYLA,0.006
SHAYNA,0.004
SHAYNE,0.001
SHEA,0.002
SHEBA,0.001
SHEENA,0.017
SHEILA,0.175
SHEILAH,0.002
SHELA,0.002
SHELBA,0.002
SHELBY,0.025
SHELIA,0.043
SHELLA,0.001
SHELLEY,0.049
SHELLI,0.005
SHELLIE,0.007
SHELLY,0.062
SHEMEKA,0.001
SHEMIKA,0.002
SHENA,0.003
SHENIKA,0.001
SHENITA,0.002
SHENNA,0.001
SHERA,0.001
SHEREE,0.01
SHERELL,0.001
SHERI,0.042
SHERICE,0.001
SHERIDAN,0.001
SHERIE,0.004
SHERIKA,0.001
SHERILL,0.001
SHERILYN,0.003
SHERISE,0.001
SHERITA,0.004
SHERLENE,0.001
SHERLEY,0.002
SHERLY,0.002
SHERLYN,0.002
SHERON,0.003
SHERRELL,0.002
SHERRI,0.062
SHERRIE,0.026
SHERRIL,0.001
SHERRILL,0.004
SHERRON,0.003
SHERRY,0.178
SHERRYL,0.003
SHERY,0.002
SHERYL,0.059
SHERYLL,0.001
SHIELA,0.007
SHILA,0.001
SHILOH,0.001
SHIN,0.001
SHIRA,0.002
SHIRELY,0.001
SHIRL,0.001
SHIRLEE,0.003
SHIRLEEN,0.002
SHIRLENE,0.004
SHIRLEY,0.482
SHIRLY,0.003
SHIZUE,0.001
SHIZUKO,0.001
SHONA,0.002
SHONDA,0.007
SHONDRA,0.001
SHONNA,0.002
SHONTA,0.001
SHOSHANA,0.002
SHU,0.002
SHYLA,0.001
SIBYL,0.003
SIDNEY,0.004
SIERRA,0.008
SIGNE,0.002
SIGRID,0.003
SILVA,0.002
SILVANA,0.002
SILVIA,0.029
SIMA,0.001
SIMONA,0.003
SIMONE,0.015
SIMONNE,0.001
SINA,0.001
SINDY,0.002
SIOBHAN,0.003
SIRENA,0.001
SIU,0.001
SIXTA,0.001
SKYE,0.002
SLYVIA,0.002
SO,0.002
SOCORRO,0.016
SOFIA,0.013
SOILA,0.001
SOL,0.001
SOLANGE,0.002
SOLEDAD,0.007
SOMER,0.001
SOMMER,0.002
SON,0.002
SONA,0.001
SONDRA,0.018
SONG,0.002
SONIA,0.068
SONJA,0.029
SONYA,0.051
SOO,0.002
SOOK,0.002
SOON,0.004
SOPHIA,0.032
SOPHIE,0.029
SORAYA,0.002
SPARKLE,0.001
SPRING,0.002
STACEE,0.001
STACEY,0.101
STACI,0.017
STACIA,0.005
STACIE,0.025
STACY,0.121
STAR,0.003
STARLA,0.004
STARR,0.004
STASIA,0.001
STEFANI,0.003
STEFANIA,0.002
STEFANIE,0.021
STEFANY,0.001
STEFFANIE,0.002
STELLA,0.085
STEPANIE,0.001
STEPHAINE,0.003
STEPHANE,0.002
STEPHANI,0.003
STEPHANIA,0.001
STEPHANIE,0.4
STEPHANY,0.005
STEPHEN,0.002
STEPHENIE,0.005
STEPHINE,0.003
STEPHNIE,0.001
STEVEN,0.002
STEVIE,0.002
STORMY,0.003
SU,0.003
SUANNE,0.001
SUDIE,0.002
SUE,0.111
SUEANN,0.002
SUELLEN,0.002
SUK,0.002
SULEMA,0.001
SUMIKO,0.001
SUMMER,0.017
SUN,0.007
SUNDAY,0.001
SUNG,0.002
SUNNI,0.001
SUNNY,0.005
SUNSHINE,0.003
SUSAN,0.794
SUSANA,0.019
SUSANN,0.003
SUSANNA,0.01
SUSANNAH,0.004
SUSANNE,0.02
SUSIE,0.049
SUSY,0.001
SUZAN,0.006
SUZANN,0.002
SUZANNA,0.005
SUZANNE,0.145
SUZETTE,0.011
SUZI,0.001
SUZIE,0.003
SUZY,0.003
SVETLANA,0.001
SYBIL,0.016
SYBLE,0.003
SYDNEY,0.008
SYLVIA,0.177
SYLVIE,0.001
SYNTHIA,0.002
SYREETA,0.002
TA,0.001
TABATHA,0.013
TABETHA,0.002
TABITHA,0.027
TAI,0.001
TAINA,0.001
TAISHA,0.001
TAJUANA,0.001
TAKAKO,0.001
TAKISHA,0.002
TALIA,0.003
TALISHA,0.002
TALITHA,0.002
TAM,0.002
TAMA,0.001
TAMALA,0.002
TAMAR,0.003
TAMARA,0.092
TAMATHA,0.003
TAMBRA,0.001
TAMEIKA,0.002
TAMEKA,0.013
TAMEKIA,0.002
TAMELA,0.006
TAMERA,0.009
TAMESHA,0.002
TAMI,0.027
TAMICA,0.002
TAMIE,0.003
TAMIKA,0.022
TAMIKO,0.003
TAMISHA,0.001
TAMMARA,0.002
TAMMERA,0.001
TAMMI,0.011
TAMMIE,0.026
TAMMY,0.259
TAMRA,0.009
TANA,0.006
TANDRA,0.001
TANDY,0.001
TANEKA,0.001
TANESHA,0.003
TANGELA,0.003
TANIA,0.013
TANIKA,0.003
TANISHA,0.012
TANJA,0.002
TANNA,0.002
TANYA,0.089
TARA,0.107
TARAH,0.002
TAREN,0.001
TARI,0.001
TARRA,0.001
TARSHA,0.003
TARYN,0.007
TASHA,0.03
TASHIA,0.002
TASHINA,0.001
TASIA,0.001
TATIANA,0.005
TATUM,0.001
TATYANA,0.001
TAUNYA,0.001
TAWANA,0.007
TAWANDA,0.004
TAWANNA,0.003
TAWNA,0.001
TAWNY,0.002
TAWNYA,0.004
TAYLOR,0.012
TAYNA,0.001
TEENA,0.004
TEGAN,0.001
TEISHA,0.001
TELMA,0.001
TEMEKA,0.002
TEMIKA,0.001
TEMPIE,0.001
TEMPLE,0.001
TENA,0.005
TENESHA,0.001
TENISHA,0.003
TENNIE,0.002
TENNILLE,0.002
TEODORA,0.003
TEOFILA,0.001
TEQUILA,0.002
TERA,0.007
TEREASA,0.002
TERESA,0.336
TERESE,0.004
TERESIA,0.001
TERESITA,0.007
TERESSA,0.004
TERI,0.033
TERICA,0.001
TERINA,0.001
TERISA,0.001
TERRA,0.008
TERRELL,0.001
TERRESA,0.002
TERRI,0.105
TERRIE,0.014
TERRILYN,0.001
TERRY,0.08
TESHA,0.002
TESS,0.003
TESSA,0.01
TESSIE,0.007
THALIA,0.002
THANH,0.002
THAO,0.002
THEA,0.005
THEDA,0.005
THELMA,0.175
THEO,0.002
THEODORA,0.007
THEOLA,0.002
THERESA,0.271
THERESE,0.022
THERESIA,0.002
THERESSA,0.001
THERSA,0.003
THI,0.001
THOMAS,0.003
THOMASENA,0.001
THOMASINA,0.003
THOMASINE,0.002
THORA,0.001
THRESA,0.002
THU,0.002
THUY,0.004
TIA,0.014
TIANA,0.005
TIANNA,0.002
TIARA,0.006
TIEN,0.001
TIERA,0.001
TIERRA,0.004
TIESHA,0.002
TIFANY,0.001
TIFFANEY,0.001
TIFFANI,0.006
TIFFANIE,0.004
TIFFANY,0.195
TIFFINY,0.003
TIJUANA,0.001
TILDA,0.001
TILLIE,0.007
TIMIKA,0.001
TIMOTHY,0.001
TINA,0.22
TINISHA,0.001
TINY,0.002
TISA,0.001
TISH,0.001
TISHA,0.009
TOBI,0.001
TOBIE,0.001
TOBY,0.004
TOCCARA,0.001
TOI,0.001
TOMASA,0.006
TOMEKA,0.004
TOMI,0.001
TOMIKA,0.002
TOMIKO,0.001
TOMMIE,0.013
TOMMY,0.003
TOMMYE,0.001
TOMOKO,0.002
TONA,0.001
TONDA,0.002
TONETTE,0.001
TONI,0.064
TONIA,0.018
TONIE,0.002
TONISHA,0.001
TONITA,0.001
TONJA,0.005
TONY,0.004
TONYA,0.102
TORA,0.001
TORI,0.008
TORIE,0.001
TORRI,0.001
TORRIE,0.001
TORY,0.001
TOSHA,0.005
TOSHIA,0.001
TOSHIKO,0.002
TOVA,0.001
TOWANDA,0.002
TOYA,0.004
TRACEE,0.003
TRACEY,0.069
TRACI,0.038
TRACIE,0.024
TRACY,0.197
TRAN,0.001
TRANG,0.002
TRAVIS,0.001
TREASA,0.001
TREENA,0.001
TRENA,0.004
TRESA,0.004
TRESSA,0.004
TRESSIE,0.003
TREVA,0.007
TRICIA,0.03
TRINA,0.024
TRINH,0.001
TRINIDAD,0.006
TRINITY,0.002
TRISH,0.003
TRISHA,0.024
TRISTA,0.005
TRISTAN,0.002
TROY,0.001
TRUDI,0.002
TRUDIE,0.002
TRUDY,0.021
TRULA,0.002
TU,0.001
TULA,0.001
TUYET,0.002
TWANA,0.002
TWANDA,0.001
TWANNA,0.001
TWILA,0.009
TWYLA,0.005
TYESHA,0.002
TYISHA,0.001
TYLER,0.002
TYNISHA,0.001
TYRA,0.005
ULA,0.001
ULRIKE,0.001
UN,0.001
UNA,0.006
URSULA,0.018
USHA,0.002
UTE,0.001
VADA,0.006
VAL,0.002
VALARIE,0.014
VALDA,0.002
VALENCIA,0.006
VALENE,0.001
VALENTINA,0.005
VALENTINE,0.001
VALERI,0.001
VALERIA,0.011
VALERIE,0.149
VALERY,0.002
VALLIE,0.002
VALORIE,0.005
VALRIE,0.001
VAN,0.003
VANDA,0.002
VANESA,0.002
VANESSA,0.111
VANETTA,0.001
VANIA,0.001
VANITA,0.002
VANNA,0.001
VANNESA,0.001
VANNESSA,0.002
VASHTI,0.001
VASILIKI,0.001
VEDA,0.007
VELDA,0.005
VELIA,0.003
VELLA,0.002
VELMA,0.066
VELVA,0.003
VELVET,0.002
VENA,0.002
VENESSA,0.005
VENETTA,0.001
VENICE,0.002
VENITA,0.004
VENNIE,0.001
VENUS,0.006
VEOLA,0.002
VERA,0.098
VERDA,0.007
VERDELL,0.002
VERDIE,0.002
VERENA,0.002
VERGIE,0.004
VERLA,0.005
VERLENE,0.002
VERLIE,0.002
VERLINE,0.001
VERNA,0.048
VERNELL,0.006
VERNETTA,0.002
VERNIA,0.001
VERNICE,0.007
VERNIE,0.003
VERNITA,0.003
VERNON,0.001
VERONA,0.003
VERONICA,0.142
VERONIKA,0.001
VERONIQUE,0.001
VERSIE,0.002
VERTIE,0.001
VESTA,0.006
VETA,0.002
VI,0.001
VICENTA,0.003
VICKEY,0.004
VICKI,0.109
VICKIE,0.082
VICKY,0.043
VICTOR,0.001
VICTORIA,0.18
VICTORINA,0.001
VIDA,0.007
VIKI,0.001
VIKKI,0.005
VILMA,0.01
VINA,0.003
VINCENZA,0.002
VINITA,0.001
VINNIE,0.002
VIOLA,0.086
VIOLET,0.065
VIOLETA,0.005
VIOLETTE,0.002
VIRGEN,0.001
VIRGIE,0.015
VIRGIL,0.001
VIRGINA,0.007
VIRGINIA,0.43
VITA,0.003
VIVA,0.003
VIVAN,0.002
VIVIAN,0.118
VIVIANA,0.005
VIVIEN,0.002
VIVIENNE,0.002
VONCILE,0.001
VONDA,0.008
VONNIE,0.003
WAI,0.002
WALTER,0.002
WALTRAUD,0.002
WAN,0.001
WANDA,0.226
WANETA,0.001
WANETTA,0.001
WANITA,0.003
WAVA,0.001
WEI,0.002
WEN,0.001
WENDI,0.01
WENDIE,0.001
WENDOLYN,0.001
WENDY,0.185
WENONA,0.001
WESLEY,0.001
WHITLEY,0.001
WHITNEY,0.045
WILDA,0.009
WILHELMINA,0.007
WILHEMINA,0.001
WILLA,0.016
WILLENA,0.001
WILLENE,0.003
WILLETTA,0.001
WILLETTE,0.002
WILLIA,0.002
WILLIAM,0.007
WILLIE,0.097
WILLIEMAE,0.001
WILLODEAN,0.001
WILLOW,0.001
WILMA,0.099
WINDY,0.004
WINIFRED,0.027
WINNIE,0.016
WINNIFRED,0.004
WINONA,0.007
WINTER,0.001
WONDA,0.002
WYNELL,0.001
WYNONA,0.003
XENIA,0.001
XIAO,0.001
XIOMARA,0.004
XOCHITL,0.001
XUAN,0.001
YADIRA,0.005
YAEKO,0.001
YAEL,0.001
YAHAIRA,0.001
YAJAIRA,0.001
YAN,0.002
YANG,0.002
YANIRA,0.002
YASMIN,0.004
YASMINE,0.001
YASUKO,0.001
YEE,0.002
YELENA,0.001
YEN,0.002
YER,0.001
YESENIA,0.011
YESSENIA,0.001
YETTA,0.003
YEVETTE,0.001
YI,0.002
YING,0.002
YOKO,0.003
YOLANDA,0.115
YOLANDE,0.002
YOLANDO,0.002
YOLONDA,0.004
YON,0.001
YONG,0.007
YOSHIE,0.001
YOSHIKO,0.004
YOULANDA,0.001
YOUNG,0.01
YU,0.003
YUETTE,0.001
YUK,0.001
YUKI,0.001
YUKIKO,0.002
YUKO,0.002
YULANDA,0.001
YUN,0.002
YUNG,0.001
YUONNE,0.001
YURI,0.001
YURIKO,0.001
YVETTE,0.05
YVONE,0.001
YVONNE,0.126
ZADA,0.001
ZAIDA,0.003
ZANA,0.001
ZANDRA,0.003
ZELDA,0.008
ZELLA,0.006
ZELMA,0.013
ZENA,0.003
ZENAIDA,0.006
ZENIA,0.001
ZENOBIA,0.003
ZETTA,0.001
ZINA,0.003
ZITA,0.002
ZOE,0.006
ZOFIA,0.002
ZOILA,0.006
ZOLA,0.004
ZONA,0.003
ZONIA,0.001
ZORA,0.003
ZORAIDA,0.004
ZULA,0.003
ZULEMA,0.002
ZULMA,0.003
